{"res/atlas/baoxiang.atlas":["baoxiang/",["PTguan.png","PTkai.png","ZDguan.png","ZDkai.png","mianfeichouqu.png","zhen.png","zhuanpan.png"]],"res/atlas/battlescene.atlas":["battlescene/",["Ljiexue.png","baojiguang.png","baojishi.png","btn_guaji.png","daguaishou.png","fangyuguang.png","fangyushi.png","fazhen.png","fazhenbaoji.png","fazhenfangyu.png","fazhenminjie.png","feibaoxiang.png","gongjiguang.png","gongjishi.png","guaitiaoshang.png","guaitiaoxia.png","guajizhong.png","hongqiu.png","huangqiu.png","hurt1.png","hurt2.png","jiexue.png","laixi.png","laixiBG1.png","laixiBG2.png","lanqiu.png","lvqiu.png","qiuqiu.png","shuxianglan.png","suduguang.png","sudushi.png","xuetiaochunbai.png","xuetiaodi.png","xuetiaoding.png","xuetiaodingbai.png","ying.png","youchi.png","zuochi.png"]],"res/atlas/comp.atlas":["comp/",["blank.png","btn-entrance-nogift.png","btn_slide.png","button.png","close_button.png","full_round_corner.png","hscroll$bar.png","hscroll$down.png","hscroll$up.png","hscroll.png","hslider$bar.png","hslider.png","icon_bg.png","main_title.png","redhit.png","round_gray.png","slide_bg_mid.png","slide_bg_top.png","two_round_corner.png","txt_guesslike_h.png","txt_guesslike_v.png","txt_hotgame_v.png","vscroll$bar.png","vscroll$down.png","vscroll$up.png","vscroll.png"]],"res/atlas/dabaoxiang.atlas":["dabaoxiang/",["dabao.png","dabaobiao.png","dabaoxiang.png","xiaobao.png","xiaobaobiao.png","zhongbao.png","zhongbaobiao.png"]],"res/atlas/flybox.atlas":["flybox/",["ZDguan.png","hailiangjinbi.png","jipin.png","mianling.png","xingyunbaoxiang.png"]],"res/atlas/girl.atlas":["girl/",["heia.jpg","xiangyou.png","xiangyouzou.png","xiangzuo.png","xiangzuozou.png","xiaoshou.png","yindaoyuan.png","yindaoyuan1.png","yindaoyuan2.png","yindaoyuan3.png"]],"res/atlas/loading.atlas":["loading/",["loadzi.png","shan.png","zhuan.png"]],"res/atlas/mainscene.atlas":["mainscene/",["chuansongmen.png","clip_huoyan.png","dunpai.png","fuben1.png","fuben2.png","fuben3.png","fuben3_1.png","fuben4.png","fuben5.png","fuben6.png","huopenpen.png","new.png"]],"res/atlas/monsterAni/20001.atlas":["monsterAni/20001/",["monster136_hited_001.png","monster136_hited_002.png","monster136_hited_003.png","monster136_wait_001.png","monster136_wait_002.png","monster136_wait_003.png","monster136_wait_004.png","monster136_wait_005.png","monster136_wait_006.png","monster136_wait_007.png","monster136_wait_008.png"]],"res/atlas/monsterAni/20002.atlas":["monsterAni/20002/",["monster138_hited_001.png","monster138_hited_002.png","monster138_hited_003.png","monster138_wait_001.png","monster138_wait_002.png","monster138_wait_003.png","monster138_wait_004.png","monster138_wait_005.png","monster138_wait_006.png","monster138_wait_007.png","monster138_wait_008.png"]],"res/atlas/monsterAni/20003.atlas":["monsterAni/20003/",["monster137_hited_001.png","monster137_hited_002.png","monster137_hited_003.png","monster137_wait_001.png","monster137_wait_002.png","monster137_wait_003.png","monster137_wait_004.png","monster137_wait_005.png","monster137_wait_006.png","monster137_wait_007.png","monster137_wait_008.png"]],"res/atlas/monsterAni/20004.atlas":["monsterAni/20004/",["monster140_hited_001.png","monster140_hited_002.png","monster140_hited_003.png","monster140_wait_001.png","monster140_wait_002.png","monster140_wait_003.png","monster140_wait_004.png","monster140_wait_005.png","monster140_wait_006.png","monster140_wait_007.png","monster140_wait_008.png"]],"res/atlas/monsterAni/20005.atlas":["monsterAni/20005/",["monster139_hited_001.png","monster139_hited_002.png","monster139_hited_003.png","monster139_wait_001.png","monster139_wait_002.png","monster139_wait_003.png","monster139_wait_004.png","monster139_wait_005.png","monster139_wait_006.png","monster139_wait_007.png","monster139_wait_008.png"]],"res/atlas/monsterAni/20006.atlas":["monsterAni/20006/",["monster133_hited_001.png","monster133_hited_002.png","monster133_hited_003.png","monster133_wait_001.png","monster133_wait_002.png","monster133_wait_003.png","monster133_wait_004.png","monster133_wait_005.png","monster133_wait_006.png","monster133_wait_007.png","monster133_wait_008.png"]],"res/atlas/monsterAni/20007.atlas":["monsterAni/20007/",["monster134_hited_001.png","monster134_hited_002.png","monster134_hited_003.png","monster134_wait_001.png","monster134_wait_002.png","monster134_wait_003.png","monster134_wait_004.png","monster134_wait_005.png","monster134_wait_006.png","monster134_wait_007.png","monster134_wait_008.png"]],"res/atlas/monsterAni/20008.atlas":["monsterAni/20008/",["monster135_hited_001.png","monster135_hited_002.png","monster135_hited_003.png","monster135_wait_001.png","monster135_wait_002.png","monster135_wait_003.png","monster135_wait_004.png","monster135_wait_005.png","monster135_wait_006.png","monster135_wait_007.png","monster135_wait_008.png"]],"res/atlas/monsterAni/20009.atlas":["monsterAni/20009/",["monster141_hited_001.png","monster141_hited_002.png","monster141_hited_003.png","monster141_wait_001.png","monster141_wait_002.png","monster141_wait_003.png","monster141_wait_004.png","monster141_wait_005.png","monster141_wait_006.png","monster141_wait_007.png","monster141_wait_008.png"]],"res/atlas/monsterAni/20010.atlas":["monsterAni/20010/",["monster143_hited_001.png","monster143_hited_002.png","monster143_hited_003.png","monster143_wait_001.png","monster143_wait_002.png","monster143_wait_003.png","monster143_wait_004.png","monster143_wait_005.png","monster143_wait_006.png","monster143_wait_007.png","monster143_wait_008.png"]],"res/atlas/monsterAni/20011.atlas":["monsterAni/20011/",["monster158_hited_001.png","monster158_hited_002.png","monster158_hited_003.png","monster158_wait_001.png","monster158_wait_002.png","monster158_wait_003.png","monster158_wait_004.png","monster158_wait_005.png","monster158_wait_006.png","monster158_wait_007.png","monster158_wait_008.png"]],"res/atlas/monsterAni/20012.atlas":["monsterAni/20012/",["monster160_hited_001.png","monster160_hited_002.png","monster160_hited_003.png","monster160_wait_001.png","monster160_wait_002.png","monster160_wait_003.png","monster160_wait_004.png","monster160_wait_005.png","monster160_wait_006.png","monster160_wait_007.png","monster160_wait_008.png"]],"res/atlas/monsterAni/20013.atlas":["monsterAni/20013/",["monster159_hited_001.png","monster159_hited_002.png","monster159_hited_003.png","monster159_wait_001.png","monster159_wait_002.png","monster159_wait_003.png","monster159_wait_004.png","monster159_wait_005.png","monster159_wait_006.png","monster159_wait_007.png","monster159_wait_008.png"]],"res/atlas/monsterAni/20014.atlas":["monsterAni/20014/",["monster151_hited_001.png","monster151_hited_002.png","monster151_hited_003.png","monster151_wait_001.png","monster151_wait_002.png","monster151_wait_003.png","monster151_wait_004.png","monster151_wait_005.png","monster151_wait_006.png","monster151_wait_007.png","monster151_wait_008.png"]],"res/atlas/monsterAni/20015.atlas":["monsterAni/20015/",["monster111_hited_001.png","monster111_hited_002.png","monster111_hited_003.png","monster111_wait_001.png","monster111_wait_002.png","monster111_wait_003.png","monster111_wait_004.png","monster111_wait_005.png","monster111_wait_006.png","monster111_wait_007.png","monster111_wait_008.png"]],"res/atlas/monsterAni/20016.atlas":["monsterAni/20016/",["monster110_hited_001.png","monster110_hited_002.png","monster110_hited_003.png","monster110_wait_001.png","monster110_wait_002.png","monster110_wait_003.png","monster110_wait_004.png","monster110_wait_005.png","monster110_wait_006.png","monster110_wait_007.png","monster110_wait_008.png"]],"res/atlas/monsterAni/20017.atlas":["monsterAni/20017/",["monster109_hited_001.png","monster109_hited_002.png","monster109_hited_003.png","monster109_wait_001.png","monster109_wait_002.png","monster109_wait_003.png","monster109_wait_004.png","monster109_wait_005.png","monster109_wait_006.png","monster109_wait_007.png","monster109_wait_008.png"]],"res/atlas/monsterAni/20018.atlas":["monsterAni/20018/",["monster112_hited_001.png","monster112_hited_002.png","monster112_hited_003.png","monster112_wait_001.png","monster112_wait_002.png","monster112_wait_003.png","monster112_wait_004.png","monster112_wait_005.png","monster112_wait_006.png","monster112_wait_007.png","monster112_wait_008.png"]],"res/atlas/monsterAni/20019.atlas":["monsterAni/20019/",["monster227_hited_001.png","monster227_hited_002.png","monster227_hited_003.png","monster227_wait_001.png","monster227_wait_002.png","monster227_wait_003.png","monster227_wait_004.png","monster227_wait_005.png","monster227_wait_006.png","monster227_wait_007.png","monster227_wait_008.png"]],"res/atlas/monsterAni/20020.atlas":["monsterAni/20020/",["monster225_hited_001.png","monster225_hited_002.png","monster225_hited_003.png","monster225_wait_001.png","monster225_wait_002.png","monster225_wait_003.png","monster225_wait_004.png","monster225_wait_005.png","monster225_wait_006.png","monster225_wait_007.png","monster225_wait_008.png"]],"res/atlas/monsterAni/20021.atlas":["monsterAni/20021/",["monster226_hited_001.png","monster226_hited_002.png","monster226_hited_003.png","monster226_wait_001.png","monster226_wait_002.png","monster226_wait_003.png","monster226_wait_004.png","monster226_wait_005.png","monster226_wait_006.png","monster226_wait_007.png","monster226_wait_008.png"]],"res/atlas/monsterAni/20022.atlas":["monsterAni/20022/",["monster202_hited_001.png","monster202_hited_002.png","monster202_hited_003.png","monster202_wait_001.png","monster202_wait_002.png","monster202_wait_003.png","monster202_wait_004.png","monster202_wait_005.png","monster202_wait_006.png","monster202_wait_007.png","monster202_wait_008.png"]],"res/atlas/monsterAni/20023.atlas":["monsterAni/20023/",["monster203_hited_001.png","monster203_hited_002.png","monster203_hited_003.png","monster203_wait_001.png","monster203_wait_002.png","monster203_wait_003.png","monster203_wait_004.png","monster203_wait_005.png","monster203_wait_006.png","monster203_wait_007.png","monster203_wait_008.png"]],"res/atlas/monsterAni/20024.atlas":["monsterAni/20024/",["monster204_hited_001.png","monster204_hited_002.png","monster204_hited_003.png","monster204_wait_001.png","monster204_wait_002.png","monster204_wait_003.png","monster204_wait_004.png","monster204_wait_005.png","monster204_wait_006.png","monster204_wait_007.png","monster204_wait_008.png"]],"res/atlas/monsterAni/20025.atlas":["monsterAni/20025/",["monster245_hited_001.png","monster245_hited_002.png","monster245_hited_003.png","monster245_wait_001.png","monster245_wait_002.png","monster245_wait_003.png","monster245_wait_004.png","monster245_wait_005.png","monster245_wait_006.png","monster245_wait_007.png","monster245_wait_008.png"]],"res/atlas/monsterAni/20026.atlas":["monsterAni/20026/",["monster200_hited_001.png","monster200_hited_002.png","monster200_hited_003.png","monster200_wait_001.png","monster200_wait_002.png","monster200_wait_003.png","monster200_wait_004.png","monster200_wait_005.png","monster200_wait_006.png","monster200_wait_007.png","monster200_wait_008.png"]],"res/atlas/monsterAni/20027.atlas":["monsterAni/20027/",["monster193_hited_001.png","monster193_hited_002.png","monster193_hited_003.png","monster193_wait_001.png","monster193_wait_002.png","monster193_wait_003.png","monster193_wait_004.png","monster193_wait_005.png","monster193_wait_006.png","monster193_wait_007.png","monster193_wait_008.png"]],"res/atlas/monsterAni/20028.atlas":["monsterAni/20028/",["monster010_hited_001.png","monster010_hited_002.png","monster010_hited_003.png","monster010_wait_001.png","monster010_wait_002.png","monster010_wait_003.png","monster010_wait_004.png","monster010_wait_005.png","monster010_wait_006.png","monster010_wait_007.png","monster010_wait_008.png"]],"res/atlas/monsterAni/20029.atlas":["monsterAni/20029/",["monster004_hited_001.png","monster004_hited_002.png","monster004_hited_003.png","monster004_wait_001.png","monster004_wait_002.png","monster004_wait_003.png","monster004_wait_004.png","monster004_wait_005.png","monster004_wait_006.png","monster004_wait_007.png","monster004_wait_008.png"]],"res/atlas/monsterAni/20030.atlas":["monsterAni/20030/",["monster009_hited_001.png","monster009_hited_002.png","monster009_hited_003.png","monster009_wait_001.png","monster009_wait_002.png","monster009_wait_003.png","monster009_wait_004.png","monster009_wait_005.png","monster009_wait_006.png","monster009_wait_007.png","monster009_wait_008.png"]],"res/atlas/monsterAni/20031.atlas":["monsterAni/20031/",["monster006_hited_001.png","monster006_hited_002.png","monster006_hited_003.png","monster006_wait_001.png","monster006_wait_002.png","monster006_wait_003.png","monster006_wait_004.png","monster006_wait_005.png","monster006_wait_006.png","monster006_wait_007.png","monster006_wait_008.png"]],"res/atlas/monsterAni/20032.atlas":["monsterAni/20032/",["monster005_hited_001.png","monster005_hited_002.png","monster005_hited_003.png","monster005_wait_001.png","monster005_wait_002.png","monster005_wait_003.png","monster005_wait_004.png","monster005_wait_005.png","monster005_wait_006.png","monster005_wait_007.png","monster005_wait_008.png"]],"res/atlas/monsterAni/20033.atlas":["monsterAni/20033/",["monster008_hited_001.png","monster008_hited_002.png","monster008_hited_003.png","monster008_wait_001.png","monster008_wait_002.png","monster008_wait_003.png","monster008_wait_004.png","monster008_wait_005.png","monster008_wait_006.png","monster008_wait_007.png","monster008_wait_008.png"]],"res/atlas/monsterAni/20034.atlas":["monsterAni/20034/",["monster248_attack_001.png","monster248_attack_002.png","monster248_attack_003.png","monster248_attack_004.png","monster248_attack_005.png","monster248_attack_006.png","monster248_attack_007.png","monster248_attack_008.png","monster248_attack_009.png","monster248_attack_010.png","monster248_attack_011.png","monster248_attack_012.png","monster248_attack_013.png","monster248_hited_001.png","monster248_hited_002.png","monster248_hited_003.png","monster248_wait_001.png","monster248_wait_002.png","monster248_wait_003.png","monster248_wait_004.png","monster248_wait_005.png","monster248_wait_006.png","monster248_wait_007.png","monster248_wait_008.png","yinying.png"]],"res/atlas/monsterAni/20035.atlas":["monsterAni/20035/",["monster997_hited_0001.png","monster997_hited_0002.png","monster997_hited_0003.png","monster997_wait_0001.png","monster997_wait_0002.png","monster997_wait_0003.png","monster997_wait_0004.png","monster997_wait_0005.png","monster997_wait_0006.png","monster997_wait_0007.png","monster997_wait_0008.png"]],"res/atlas/monsterAni/20036.atlas":["monsterAni/20036/",["monster998_hited_001.png","monster998_hited_002.png","monster998_hited_003.png","monster998_wait_001.png","monster998_wait_002.png","monster998_wait_003.png","monster998_wait_004.png","monster998_wait_005.png","monster998_wait_006.png","monster998_wait_007.png","monster998_wait_008.png"]],"res/atlas/monsterAni/20037.atlas":["monsterAni/20037/",["monster264_wait_001.png"]],"res/atlas/monsterAni/20038.atlas":["monsterAni/20038/",["monster259_hited_001.png","monster259_hited_002.png","monster259_hited_003.png","monster259_wait_001.png","monster259_wait_002.png","monster259_wait_003.png","monster259_wait_004.png","monster259_wait_005.png","monster259_wait_006.png","monster259_wait_007.png","monster259_wait_008.png"]],"res/atlas/monsterAni/20039.atlas":["monsterAni/20039/",["monster243_hited_001.png","monster243_hited_002.png","monster243_hited_003.png","monster243_wait_001.png","monster243_wait_002.png","monster243_wait_003.png","monster243_wait_004.png","monster243_wait_005.png","monster243_wait_006.png","monster243_wait_007.png","monster243_wait_008.png"]],"res/atlas/monsterAni/20040.atlas":["monsterAni/20040/",["monster244_hited_001.png","monster244_hited_002.png","monster244_hited_003.png","monster244_wait_001.png","monster244_wait_002.png","monster244_wait_003.png","monster244_wait_004.png","monster244_wait_005.png","monster244_wait_006.png","monster244_wait_007.png","monster244_wait_008.png"]],"res/atlas/monsterAni/20041.atlas":["monsterAni/20041/",["monster_hited_001.png","monster_hited_002.png","monster_hited_003.png","monster_wait_001.png","monster_wait_002.png","monster_wait_003.png","monster_wait_004.png","monster_wait_005.png","monster_wait_006.png","monster_wait_007.png","monster_wait_008.png"]],"res/atlas/monsterAni/20042.atlas":["monsterAni/20042/",["monster106_hited_001.png","monster106_hited_002.png","monster106_hited_003.png","monster106_wait_001.png","monster106_wait_002.png","monster106_wait_003.png","monster106_wait_004.png","monster106_wait_005.png","monster106_wait_006.png","monster106_wait_007.png","monster106_wait_008.png"]],"res/atlas/monsterAni/20043.atlas":["monsterAni/20043/",["monster115_hited_001.png","monster115_hited_002.png","monster115_hited_003.png","monster115_wait_001.png","monster115_wait_002.png","monster115_wait_003.png","monster115_wait_004.png","monster115_wait_005.png","monster115_wait_006.png","monster115_wait_007.png","monster115_wait_008.png"]],"res/atlas/monsterAni/20044.atlas":["monsterAni/20044/",["monster105_hited_001.png","monster105_hited_002.png","monster105_hited_003.png","monster105_wait_001.png","monster105_wait_002.png","monster105_wait_003.png","monster105_wait_004.png","monster105_wait_005.png","monster105_wait_006.png","monster105_wait_007.png","monster105_wait_008.png"]],"res/atlas/monsterAni/20045.atlas":["monsterAni/20045/",["monster107_hited_001.png","monster107_hited_002.png","monster107_hited_003.png","monster107_wait_001.png","monster107_wait_002.png","monster107_wait_003.png","monster107_wait_004.png","monster107_wait_005.png","monster107_wait_006.png","monster107_wait_007.png","monster107_wait_008.png"]],"res/atlas/monsterAni/20046.atlas":["monsterAni/20046/",["monster239_hited_001.png","monster239_hited_002.png","monster239_hited_003.png","monster239_wait_001.png","monster239_wait_002.png","monster239_wait_003.png","monster239_wait_004.png","monster239_wait_005.png","monster239_wait_006.png","monster239_wait_007.png","monster239_wait_008.png"]],"res/atlas/monsterAni/20047.atlas":["monsterAni/20047/",["monster236_hited_001.png","monster236_hited_002.png","monster236_hited_003.png","monster236_wait_001.png","monster236_wait_002.png","monster236_wait_003.png","monster236_wait_004.png","monster236_wait_005.png","monster236_wait_006.png","monster236_wait_007.png","monster236_wait_008.png"]],"res/atlas/monsterAni/20048.atlas":["monsterAni/20048/",["monster237_hited_001.png","monster237_hited_002.png","monster237_hited_003.png","monster237_wait_001.png","monster237_wait_002.png","monster237_wait_003.png","monster237_wait_004.png","monster237_wait_005.png","monster237_wait_006.png","monster237_wait_007.png","monster237_wait_008.png"]],"res/atlas/monsterAni/20049.atlas":["monsterAni/20049/",["monster238_hited_001.png","monster238_hited_002.png","monster238_hited_003.png","monster238_wait_001.png","monster238_wait_002.png","monster238_wait_003.png","monster238_wait_004.png","monster238_wait_005.png","monster238_wait_006.png","monster238_wait_007.png","monster238_wait_008.png"]],"res/atlas/monsterAni/20050.atlas":["monsterAni/20050/",["monster164_hited_001.png","monster164_hited_002.png","monster164_hited_003.png","monster164_wait_001.png","monster164_wait_002.png","monster164_wait_003.png","monster164_wait_004.png","monster164_wait_005.png","monster164_wait_006.png","monster164_wait_007.png","monster164_wait_008.png"]],"res/atlas/monsterAni/20051.atlas":["monsterAni/20051/",["monster165_hited_001.png","monster165_hited_002.png","monster165_hited_003.png","monster165_wait_001.png","monster165_wait_002.png","monster165_wait_003.png","monster165_wait_004.png","monster165_wait_005.png","monster165_wait_006.png","monster165_wait_007.png","monster165_wait_008.png"]],"res/atlas/monsterAni/20052.atlas":["monsterAni/20052/",["monster163_hited_001.png","monster163_hited_002.png","monster163_hited_003.png","monster163_wait_001.png","monster163_wait_002.png","monster163_wait_003.png","monster163_wait_004.png","monster163_wait_005.png","monster163_wait_006.png","monster163_wait_007.png","monster163_wait_008.png"]],"res/atlas/monsterAni/20053.atlas":["monsterAni/20053/",["monster166_hited_001.png","monster166_hited_002.png","monster166_hited_003.png","monster166_wait_001.png","monster166_wait_002.png","monster166_wait_003.png","monster166_wait_004.png","monster166_wait_005.png","monster166_wait_006.png","monster166_wait_007.png","monster166_wait_008.png"]],"res/atlas/monsterAni/20054.atlas":["monsterAni/20054/",["monster147_hited_001.png","monster147_hited_002.png","monster147_hited_003.png","monster147_wait_001.png","monster147_wait_002.png","monster147_wait_003.png","monster147_wait_004.png","monster147_wait_005.png","monster147_wait_006.png","monster147_wait_007.png","monster147_wait_008.png"]],"res/atlas/monsterAni/20055.atlas":["monsterAni/20055/",["monster148_hited_001.png","monster148_hited_002.png","monster148_hited_003.png","monster148_wait_001.png","monster148_wait_002.png","monster148_wait_003.png","monster148_wait_004.png","monster148_wait_005.png","monster148_wait_006.png","monster148_wait_007.png","monster148_wait_008.png"]],"res/atlas/monsterAni/20056.atlas":["monsterAni/20056/",["monster149_hited_001.png","monster149_hited_002.png","monster149_hited_003.png","monster149_wait_001.png","monster149_wait_002.png","monster149_wait_003.png","monster149_wait_004.png","monster149_wait_005.png","monster149_wait_006.png","monster149_wait_007.png","monster149_wait_008.png"]],"res/atlas/monsterAni/20057.atlas":["monsterAni/20057/",["monster150_hited_001.png","monster150_hited_002.png","monster150_hited_003.png","monster150_wait_001.png","monster150_wait_002.png","monster150_wait_003.png","monster150_wait_004.png","monster150_wait_005.png","monster150_wait_006.png","monster150_wait_007.png","monster150_wait_008.png"]],"res/atlas/monsterAni/20058.atlas":["monsterAni/20058/",["monster161_hited_001.png","monster161_hited_002.png","monster161_hited_003.png","monster161_wait_001.png","monster161_wait_002.png","monster161_wait_003.png","monster161_wait_004.png","monster161_wait_005.png","monster161_wait_006.png","monster161_wait_007.png","monster161_wait_008.png"]],"res/atlas/monsterAni/20059.atlas":["monsterAni/20059/",["monster176_hited_001.png","monster176_hited_002.png","monster176_hited_003.png","monster176_wait_001.png","monster176_wait_002.png","monster176_wait_003.png","monster176_wait_004.png","monster176_wait_005.png","monster176_wait_006.png","monster176_wait_007.png","monster176_wait_008.png"]],"res/atlas/monsterAni/20060.atlas":["monsterAni/20060/",["monster002_hited_001.png","monster002_hited_002.png","monster002_hited_003.png","monster002_wait_001.png","monster002_wait_002.png","monster002_wait_003.png","monster002_wait_004.png","monster002_wait_005.png","monster002_wait_006.png","monster002_wait_007.png","monster002_wait_008.png"]],"res/atlas/monsterAni/20061.atlas":["monsterAni/20061/",["monster128_hited_001.png","monster128_hited_002.png","monster128_hited_003.png","monster128_wait_001.png","monster128_wait_002.png","monster128_wait_003.png","monster128_wait_004.png","monster128_wait_005.png","monster128_wait_006.png","monster128_wait_007.png","monster128_wait_008.png"]],"res/atlas/monsterAni/20062.atlas":["monsterAni/20062/",["monster129_hited_001.png","monster129_hited_002.png","monster129_hited_003.png","monster129_wait_001.png","monster129_wait_002.png","monster129_wait_003.png","monster129_wait_004.png","monster129_wait_005.png","monster129_wait_006.png","monster129_wait_007.png","monster129_wait_008.png"]],"res/atlas/monsterAni/20063.atlas":["monsterAni/20063/",["monster130_hited_001.png","monster130_hited_002.png","monster130_hited_003.png","monster130_wait_001.png","monster130_wait_002.png","monster130_wait_003.png","monster130_wait_004.png","monster130_wait_005.png","monster130_wait_006.png","monster130_wait_007.png","monster130_wait_008.png"]],"res/atlas/monsterAni/20064.atlas":["monsterAni/20064/",["monster131_hited_001.png","monster131_hited_002.png","monster131_hited_003.png","monster131_wait_001.png","monster131_wait_002.png","monster131_wait_003.png","monster131_wait_004.png","monster131_wait_005.png","monster131_wait_006.png","monster131_wait_007.png","monster131_wait_008.png"]],"res/atlas/monsterAni/20065.atlas":["monsterAni/20065/",["monster132_hited_001.png","monster132_hited_002.png","monster132_hited_003.png","monster132_wait_001.png","monster132_wait_002.png","monster132_wait_003.png","monster132_wait_004.png","monster132_wait_005.png","monster132_wait_006.png","monster132_wait_007.png","monster132_wait_008.png"]],"res/atlas/monsterAni/20066.atlas":["monsterAni/20066/",["monster230_hited_001.png","monster230_hited_002.png","monster230_hited_003.png","monster230_wait_001.png","monster230_wait_002.png","monster230_wait_003.png","monster230_wait_004.png","monster230_wait_005.png","monster230_wait_006.png","monster230_wait_007.png","monster230_wait_008.png"]],"res/atlas/monsterAni/20067.atlas":["monsterAni/20067/",["monster257_hited_001.png","monster257_hited_002.png","monster257_hited_003.png","monster257_wait_001.png","monster257_wait_002.png","monster257_wait_003.png","monster257_wait_004.png","monster257_wait_005.png","monster257_wait_006.png","monster257_wait_007.png","monster257_wait_008.png"]],"res/atlas/monsterAni/20068.atlas":["monsterAni/20068/",["dao.png","dao1.png","daoguang.png","luo_001.png","monster263_attack_001.png","monster263_attack_002.png","monster263_attack_003.png","monster263_attack_004.png","monster263_attack_005.png","monster263_attack_006.png","monster263_attack_007.png","monster263_attack_008.png","monster263_attack_009.png","monster263_attack_010.png","monster263_attack_011.png","monster263_attack_012.png","monster263_hited_001.png","monster263_hited_002.png","monster263_hited_003.png","monster263_wait_001.png","monster263_wait_002.png","monster263_wait_003.png","monster263_wait_004.png","monster263_wait_005.png","monster263_wait_006.png","monster263_wait_007.png","monster263_wait_008.png","tiao_001.png","yinying.png","zhuandao.png"]],"res/atlas/monsterAni/20069.atlas":["monsterAni/20069/",["monster997_hited_0001.png","monster997_hited_0002.png","monster997_hited_0003.png","monster997_wait_0001.png","monster997_wait_0002.png","monster997_wait_0003.png","monster997_wait_0004.png","monster997_wait_0005.png","monster997_wait_0006.png","monster997_wait_0007.png","monster997_wait_0008.png"]],"res/atlas/monsterAni/20070.atlas":["monsterAni/20070/",["monster997_hited_0001.png","monster997_hited_0002.png","monster997_hited_0003.png","monster997_wait_0001.png","monster997_wait_0002.png","monster997_wait_0003.png","monster997_wait_0004.png","monster997_wait_0005.png","monster997_wait_0006.png","monster997_wait_0007.png","monster997_wait_0008.png"]],"res/atlas/monsterAni/20071.atlas":["monsterAni/20071/",["monster997_hited_0001.png","monster997_hited_0002.png","monster997_hited_0003.png","monster997_wait_0001.png","monster997_wait_0002.png","monster997_wait_0003.png","monster997_wait_0004.png","monster997_wait_0005.png","monster997_wait_0006.png","monster997_wait_0007.png","monster997_wait_0008.png"]],"res/atlas/monsterAni/20072.atlas":["monsterAni/20072/",["monster264_wait_001.png"]],"res/atlas/monsterAni/20073.atlas":["monsterAni/20073/",["monster264_wait_001.png"]],"res/atlas/monsterAni/20074.atlas":["monsterAni/20074/",["monster264_wait_001.png"]],"res/atlas/monsterAni/20075.atlas":["monsterAni/20075/",["monster176_hited_001.png","monster176_hited_002.png","monster176_hited_003.png","monster176_wait_001.png","monster176_wait_002.png","monster176_wait_003.png","monster176_wait_004.png","monster176_wait_006.png","monster176_wait_008.png"]],"res/atlas/monsterAni/20076.atlas":["monsterAni/20076/",["monster176_hited_001.png","monster176_hited_002.png","monster176_hited_003.png","monster176_wait_001.png","monster176_wait_003.png","monster176_wait_004.png","monster176_wait_006.png","monster176_wait_008.png"]],"res/atlas/monsterAni/20077.atlas":["monsterAni/20077/",["monster176_hited_001.png","monster176_hited_002.png","monster176_hited_003.png","monster176_wait_001.png","monster176_wait_003.png","monster176_wait_004.png","monster176_wait_006.png","monster176_wait_008.png"]],"res/atlas/monsterAni/20078.atlas":["monsterAni/20078/",["monster257_hited_001.png","monster257_hited_002.png","monster257_hited_003.png","monster257_wait_001.png","monster257_wait_002.png","monster257_wait_003.png","monster257_wait_004.png","monster257_wait_005.png","monster257_wait_006.png","monster257_wait_007.png","monster257_wait_008.png"]],"res/atlas/monsterAni/20079.atlas":["monsterAni/20079/",["monster257_hited_001.png","monster257_hited_002.png","monster257_hited_003.png","monster257_wait_001.png","monster257_wait_002.png","monster257_wait_003.png","monster257_wait_004.png","monster257_wait_005.png","monster257_wait_006.png","monster257_wait_007.png","monster257_wait_008.png"]],"res/atlas/monsterAni/20080.atlas":["monsterAni/20080/",["monster257_hited_001.png","monster257_hited_002.png","monster257_hited_003.png","monster257_wait_001.png","monster257_wait_002.png","monster257_wait_003.png","monster257_wait_004.png","monster257_wait_005.png","monster257_wait_006.png","monster257_wait_007.png","monster257_wait_008.png"]],"res/atlas/newhand.atlas":["newhand/",["h3.jpg","tiaoguo.png"]],"res/atlas/player/all.atlas":["player/all/",["200001.png","200002.png","200003.png","200004.png","200005.png","200006.png","200007.png","200008.png","200009.png","200010.png","200011.png","200012.png","200013.png","200014.png","200015.png","200016.png","200017.png","200018.png","200019.png","200020.png","200021.png","200022.png","200023.png","200024.png","200025.png","200026.png","300001.png","300002.png","300003.png","300004.png","300005.png","300006.png","300007.png","300008.png","300009.png","300010.png","300011.png","300012.png","300013.png","300014.png","300015.png","300016.png","300017.png","300018.png","300019.png","300020.png","300021.png","300022.png","300023.png","300024.png","300025.png","300026.png","400001.png","4000011.png","400002.png","400003.png","400004.png","400005.png","400006.png","400007.png","400008.png","400009.png","400010.png","400011.png","400012.png","400013.png","400014.png","400015.png","400016.png","400017.png","400018.png","400019.png","400020.png","400021.png","400022.png","400023.png","400024.png","400025.png","400026.png","500001.png","500002.png","500003.png","500004.png","500005.png","500006.png","500007.png","500008.png","500009.png","500010.png","500011.png","500012.png","500013.png","500014.png","500015.png","500016.png","500017.png","500018.png","500019.png","500020.png","500021.png","500022.png","500023.png","500024.png","500025.png","500026.png","600001.png","600002.png","600003.png","600004.png","600005.png","600006.png","600007.png","600008.png","600009.png","600010.png","600011.png","600012.png","600013.png","600014.png","600015.png","600016.png","600017.png","600018.png","600019.png","600020.png","600021.png","600022.png","600023.png","600024.png","600025.png","600026.png","9400009_w.png","e200012.png","e200013.png","e200014.png","e200015.png","e200016.png","e200017.png","e200018.png","e200019.png","e200020.png","e200021.png","e200022.png","e200023.png","e200024.png","e200025.png","e200026.png","shou.png","tou.png","yinying.png"]],"res/atlas/player/equip.atlas":["player/equip/",["400001.png","4000011.png","400002.png","400003.png","400004.png","400005.png","400006.png","400007.png","400008.png","400009.png","400010.png","400011.png","400012.png","400013.png","400014.png","400015.png","400016.png","400017.png","400018.png","400019.png","400020.png","400021.png","400022.png","9400009_w.png"]],"res/atlas/player/head.atlas":["player/head/",["300001.png","300002.png","300003.png","300004.png","300005.png","300006.png","300007.png","300008.png","300009.png","300010.png","300011.png","300012.png","300013.png","300014.png","300015.png","300016.png","300017.png","300018.png","300019.png","300020.png","300021.png","300022.png"]],"res/atlas/player/horse.atlas":["player/horse/",["500001.png","500002.png","500003.png","500004.png","500005.png","500006.png","500007.png","500008.png","500009.png","500010.png","500011.png","500012.png","500013.png","500014.png","500015.png","500016.png","500017.png","500018.png","500019.png","500020.png","500021.png","500022.png"]],"res/atlas/player/pet.atlas":["player/pet/",["600001.png","600002.png","600003.png","600004.png","600005.png","600006.png","600007.png","600008.png","600009.png","600010.png","600011.png","600012.png","600013.png","600014.png","600015.png","600016.png","600017.png","600018.png","600019.png","600020.png"]],"res/atlas/player/tou.atlas":["player/tou/",["tou.png"]],"res/atlas/player/weapon.atlas":["player/weapon/",["200001.png","200002.png","200003.png","200004.png","200005.png","200006.png","200007.png","200008.png","200009.png","200010.png","200011.png","200012.png","200013.png","200014.png","200015.png","200016.png","200017.png","200018.png","200019.png","200020.png","200021.png","200022.png"]],"res/atlas/player/weaponeffect.atlas":["player/weaponeffect/",["200012.png","200013.png","200014.png","200015.png","200016.png","200017.png","200018.png","200019.png","200020.png","200021.png","200022.png"]],"res/atlas/player/新建文件夹.atlas":["player/新建文件夹/",["200012.png","200013.png","200014.png","200015.png","200016.png","200017.png","200018.png","200019.png","200020.png","200021.png","200022.png"]],"res/atlas/player.atlas":["player/",["shou.png","yinying.png"]],"res/atlas/qiandao.atlas":["qiandao/",["yiqian.png"]],"res/atlas/rank.atlas":["rank/",["clip_shuzi.png","haoyou.png","jinpai.png","paihangbangzi.png","paimingBG.png","paiminglv.png","shijie.png","tongpai.png","yinpai.png"]],"res/atlas/renwu.atlas":["renwu/",["biaoti_renwu.png","chengjiu.png","dikuang.png","jindudi.png","jindushang.png","lingquzi.png","quanbuzi.png","renwuzi.png","yilingquzi.png","yiwancheng.png"]],"res/atlas/resselectstage.atlas":["resselectstage/",["boss.png","btn_guanbi.png","daguan.png","dian.png","kuangBG.png","sanjiao.png","xiaoguan.png"]],"res/atlas/sence.atlas":["sence/",["action.png","anniushengji.png","baoji.png","baojida.png","baoxiangBG.png","biaoti_jinbi.png","biaoti_juese.png","biaoti_qiandao.png","biaoti_tishi.png","biaotifu.png","bossjisha.png","btn_baoxiang.png","btn_fanhui.png","btn_fenxiang.png","btn_guanbi.png","btn_hong.png","btn_huang.png","btn_juese.png","btn_lv.png","btn_paihang.png","btn_qiandao.png","btn_renwu.png","btn_shezhi.png","btn_zi.png","btnfanmai.png","btnzhengli.png","btnzhuangbei.png","chongwu.png","chuangkoubai.png","chuangkoumiaobian.png","chuangkouzong.png","chuangkouzong2.png","chushou.png","chuzhan.png","clip_shuzi.png","daijin.png","dan.png","dengji.png","dianjilingqu.png","diwanglingmu.png","dongjin.png","fangyu.png","fangyuda.png","fenxiangbiao.png","fenxiangdi.png","fenxiangyouli.png","fenxiangyouli2.png","fenxiangzi.png","fuben1biao.png","gongji.png","gongjida.png","gongxihuode.png","guanjikuang.png","haidaochengbao.png","hanjian.png","heiBG.png","heia.jpg","heidi.png","hongdian.png","hongtan.png","huodewuqi.png","iconhei.png","jiantouzi.png","jinbi.png","jinbidai.png","jinduyuan.png","jinduyuandi.png","jingying.png","kuang0.png","kuang1.png","kuang2.png","kuang3.png","kuang4.png","kuang5.png","kuangBG.png","lingquzi.png","liubei.png","maohao.png","meiyingleyuan.png","meiyoukuang.png","mianfeilingqu.png","mianfeishengji.png","minjie.png","minjieda.png","paihangbanBG.png","paihangbangdi.png","putong.png","qiandi.png","qianghua.png","queding.png","quxiao.png","quxiaoda.png","sanbei.png","shenglilingqu.png","shengmin.png","shengminda.png","shibei.png","shibeiling.png","shishi.png","shiyongzhong.png","tab_huang.png","tabchongwu.png","tabkuijia.png","tabtoukui.png","tabwuqi.png","tabzuoqi.png","taizi.png","tanlandongku.png","tianfu.png","toukuang.png","weiyaoqing.png","xiexian.png","xiyou.png","xuanzhong.png","xuanzhong1.png","yaoqingwanjia.png","youansenlin.png","zadan.png","zhandoushezhi.png","zhuangbeikong.png","zhuanpan.png"]],"res/atlas/setdialog.atlas":["setdialog/",["biaoti_shezhi.png","shengyinguan.png","shengyinkai.png","tuichuzhandou.png","yinxiaoguan.png","yinxiaokai.png"]],"res/atlas/shengli.atlas":["shengli/",["chengli.png","dunpai.png","guangzhuan1.png","haojiao.png","qi.png","shenglibu.png"]],"res/atlas/texiao/gongji.atlas":["texiao/gongji/",["01.png","02.png","03.png","04.png","05.png","06.png","07.png","08.png","09.png"]],"res/atlas/texiao/jiabaoji.atlas":["texiao/jiabaoji/",["01.png","02.png","03.png","04.png","05.png","06.png","07.png","08.png","09.png","10.png","11.png","12.png","13.png"]],"res/atlas/texiao/jiafangyu.atlas":["texiao/jiafangyu/",["01.png","02.png","03.png","04.png","05.png","06.png","07.png","08.png","09.png","10.png","11.png","12.png"]],"res/atlas/texiao/jiagongji.atlas":["texiao/jiagongji/",["01.png","02.png","03.png","04.png","05.png","06.png","07.png","08.png","09.png","10.png","11.png","12.png","13.png","14.png"]],"res/atlas/texiao/jiasudu.atlas":["texiao/jiasudu/",["01.png","02.png","03.png","04.png","05.png","06.png","07.png","08.png","09.png"]],"res/atlas/texiao/jiaxue.atlas":["texiao/jiaxue/",["01.png","02.png","03.png","04.png","05.png","06.png","07.png","08.png","09.png","10.png","11.png","12.png","13.png","14.png"]],"res/atlas/tianfu.atlas":["tianfu/",["JYkuang.png","PTkuang.png","SSkuang.png","baoji.png","baozi.png","biaoti_tianfu.png","diaozi.png","fangyu.png","fangzi.png","gongji.png","gongzi.png","jinbi.png","lixian.png","lizi.png","qipao.png","qipaojian.png","shengming.png","shengzi.png","sudu.png","tiejiang.png","tiezi.png","touwen.png","xiexian.png","xingyun.png","xingzi.png","yizi.png"]]}