{"type":"View","props":{"width":420,"isModal":true,"height":150},"compId":2,"child":[{"type":"Button","props":{"y":72,"x":211,"width":363,"var":"AdBtn","stateNum":1,"skin":"sence/btn_zi.png","sizeGrid":"18,19,20,18","height":94,"anchorY":0.5,"anchorX":0.5},"compId":13,"child":[{"type":"Box","props":{"y":12.5,"x":40.5,"var":"adbox"},"compId":36,"child":[{"type":"Sprite","props":{"texture":"sence/action.png"},"compId":20},{"type":"Sprite","props":{"x":86,"texture":"sence/mianfeishengji.png"},"compId":23}]},{"type":"Box","props":{"y":12.5,"x":56,"width":221,"var":"sharebox","height":65},"compId":37,"child":[{"type":"Sprite","props":{"y":2,"x":25,"texture":"sence/fenxiangbiao.png"},"compId":34},{"type":"Sprite","props":{"y":0,"x":124,"texture":"sence/fenxiangzi.png"},"compId":35}]}]}],"animations":[{"nodes":[{"target":13,"keyframes":{"scaleY":[{"value":1,"tweenMethod":"linearNone","tween":true,"target":13,"key":"scaleY","index":0},{"value":1.2,"tweenMethod":"linearNone","tween":true,"target":13,"key":"scaleY","index":6},{"value":0.9,"tweenMethod":"linearNone","tween":true,"target":13,"key":"scaleY","index":9},{"value":1.1,"tweenMethod":"linearNone","tween":true,"target":13,"key":"scaleY","index":12},{"value":0.9,"tweenMethod":"linearNone","tween":true,"target":13,"key":"scaleY","index":14},{"value":1.1,"tweenMethod":"linearNone","tween":true,"target":13,"key":"scaleY","index":16},{"value":1,"tweenMethod":"linearNone","tween":true,"target":13,"key":"scaleY","index":17},{"value":1,"tweenMethod":"linearNone","tween":true,"target":13,"label":null,"key":"scaleY","index":45}],"scaleX":[{"value":1,"tweenMethod":"linearNone","tween":true,"target":13,"key":"scaleX","index":0},{"value":1.2,"tweenMethod":"linearNone","tween":true,"target":13,"key":"scaleX","index":6},{"value":0.9,"tweenMethod":"linearNone","tween":true,"target":13,"key":"scaleX","index":9},{"value":1.1,"tweenMethod":"linearNone","tween":true,"target":13,"key":"scaleX","index":12},{"value":0.9,"tweenMethod":"linearNone","tween":true,"target":13,"key":"scaleX","index":14},{"value":1.1,"tweenMethod":"linearNone","tween":true,"target":13,"key":"scaleX","index":16},{"value":1,"tweenMethod":"linearNone","tween":true,"target":13,"key":"scaleX","index":17},{"value":1,"tweenMethod":"linearNone","tween":true,"target":13,"label":null,"key":"scaleX","index":45}]}}],"name":"ani1","id":1,"frameRate":24,"action":0}],"loadList":["sence/btn_zi.png","sence/action.png","sence/mianfeishengji.png","sence/fenxiangbiao.png","sence/fenxiangzi.png"],"loadList3D":[]}