{"type":"View","props":{"y":0,"x":0,"width":162,"height":256},"compId":2,"child":[{"type":"Image","props":{"y":79,"x":1.5,"skin":"battlescene/jiexue.png"},"compId":3},{"type":"Box","props":{"y":3,"x":73,"width":16,"var":"hitBox","height":254},"compId":5},{"type":"Image","props":{"y":28,"x":81,"skin":"battlescene/Ljiexue.png","blendMode":"lighter","anchorY":0.5,"anchorX":0.5},"compId":6}],"animations":[{"nodes":[{"target":6,"keyframes":{"scaleY":[{"value":1,"tweenMethod":"linearNone","tween":true,"target":6,"key":"scaleY","index":0},{"value":1.2,"tweenMethod":"linearNone","tween":true,"target":6,"key":"scaleY","index":12},{"value":1,"tweenMethod":"linearNone","tween":true,"target":6,"label":null,"key":"scaleY","index":24}],"scaleX":[{"value":1,"tweenMethod":"linearNone","tween":true,"target":6,"key":"scaleX","index":0},{"value":1.2,"tweenMethod":"linearNone","tween":true,"target":6,"key":"scaleX","index":12},{"value":1,"tweenMethod":"linearNone","tween":true,"target":6,"label":null,"key":"scaleX","index":24}]}}],"name":"ani1","id":1,"frameRate":24,"action":0}],"loadList":["battlescene/jiexue.png","battlescene/Ljiexue.png"],"loadList3D":[]}