{"type":"Dialog","props":{"width":750,"isModal":true,"height":1200},"compId":2,"child":[{"type":"Box","props":{"y":-264,"x":-249,"scaleY":0.85,"scaleX":0.85},"compId":33,"child":[{"type":"LightView","props":{"y":742,"x":742,"var":"light","scaleY":2,"scaleX":2,"anchorY":0.5,"anchorX":0.5,"runtime":"ui.scene.LightViewUI"},"compId":4},{"type":"Image","props":{"y":359,"x":394,"width":682,"skin":"sence/kuangBG.png","sizeGrid":"81,70,76,69","height":1024},"compId":6},{"type":"Image","props":{"y":434,"x":415.5,"width":643,"skin":"sence/chuangkoubai.png","sizeGrid":"20,23,19,22","height":913},"compId":7},{"type":"Image","props":{"y":1070,"x":412,"width":642,"skin":"sence/baoxiangBG.png","sizeGrid":"28,18,26,20","height":277,"alpha":0.3},"compId":10},{"type":"Sprite","props":{"y":350,"x":522,"texture":"sence/biaotifu.png"},"compId":21},{"type":"Sprite","props":{"y":359,"x":622,"texture":"sence/huodewuqi.png"},"compId":22},{"type":"Button","props":{"y":1228,"x":643,"width":174,"var":"cancelBtn","stateNum":1,"skin":"sence/btn_hong.png","sizeGrid":"23,16,24,17","name":"close","height":94},"compId":24,"child":[{"type":"Sprite","props":{"y":17.5,"x":31.5,"texture":"sence/quxiaoda.png"},"compId":25}]},{"type":"Sprite","props":{"y":445,"x":551,"texture":"sence/fazhen.png"},"compId":26},{"type":"Sprite","props":{"y":905,"x":644,"texture":"sence/jiantouzi.png"},"compId":27},{"type":"Text","props":{"y":737,"x":638,"width":189,"var":"gongTxt","text":"攻击力:1000","height":31,"fontSize":32,"color":"#48280f","bold":true,"runtime":"laya.display.Text"},"compId":28},{"type":"BagListCell","props":{"y":579,"x":662,"var":"c1","runtime":"ui.scene.BagListCellUI"},"compId":29},{"type":"BagListCell","props":{"y":905,"x":448,"var":"c2","runtime":"ui.scene.BagListCellUI"},"compId":30},{"type":"BagListCell","props":{"y":905,"x":895,"var":"c3","runtime":"ui.scene.BagListCellUI"},"compId":31},{"type":"AdBtnView","props":{"y":1078,"x":513,"var":"v1","runtime":"ui.scene.AdBtnViewUI"},"compId":32}]}],"loadList":["scene/LightView.scene","sence/kuangBG.png","sence/chuangkoubai.png","sence/baoxiangBG.png","sence/biaotifu.png","sence/huodewuqi.png","sence/btn_hong.png","sence/quxiaoda.png","sence/fazhen.png","sence/jiantouzi.png","scene/BagListCell.scene","scene/AdBtnView.scene"],"loadList3D":[]}