{"type":"View","props":{"width":200,"height":500},"compId":2,"child":[{"type":"hongquan","props":{"y":449,"x":0,"var":"redView","runtime":"ui.scene.hongquanUI"},"compId":3},{"type":"Clip","props":{"y":448,"x":97,"visible":false,"var":"clipZha","skin":"monsterAni/20034/clip_huoqiuzha.png","scaleY":3,"scaleX":3,"clipY":3,"clipX":5,"anchorY":0.5,"anchorX":0.5},"compId":4},{"type":"Clip","props":{"y":543,"x":0,"var":"clip_luo","skin":"monsterAni/20034/clip_huoqiu.png","scaleY":2,"scaleX":2,"rotation":-90,"clipY":3,"clipX":3},"compId":5,"child":[{"type":"Box","props":{"y":31,"x":48,"width":32,"var":"hitBox","height":35},"compId":11}]}],"loadList":["scene/hongquan.scene","monsterAni/20034/clip_huoqiuzha.png","monsterAni/20034/clip_huoqiu.png"],"loadList3D":[]}