{"type":"View","props":{"width":150,"height":150},"compId":2,"child":[{"type":"Box","props":{"y":75,"x":75,"width":150,"var":"box","height":150,"anchorY":0.5,"anchorX":0.5},"compId":13,"child":[{"type":"hechengxuanzhong","props":{"var":"canHeEffectView","centerY":0,"centerX":0,"runtime":"ui.scene.hechengxuanzhongUI"},"compId":9},{"type":"Image","props":{"var":"bgImg","skin":"sence/zhuangbeikong.png","centerY":0,"centerX":0},"compId":6},{"type":"Image","props":{"width":110,"var":"logoImg","height":110,"centerY":0,"centerX":0},"compId":8},{"type":"Image","props":{"var":"selectImg","skin":"sence/xuanzhong1.png","centerY":0,"centerX":0},"compId":4},{"type":"Image","props":{"var":"useImg","skin":"sence/shiyongzhong.png","centerY":0,"centerX":0},"compId":5},{"type":"Image","props":{"y":93,"x":97,"var":"bg2Img","skin":"sence/dengji.png"},"compId":3,"child":[{"type":"FontClip","props":{"y":13.5,"x":-17,"width":90,"var":"fc","value":"99","spaceX":-3,"skin":"sence/clip_shuzi.png","sheet":"01234 56789","scaleY":0.8,"scaleX":0.8,"height":27,"align":"center"},"compId":14}]}]}],"loadList":["scene/hechengxuanzhong.scene","sence/zhuangbeikong.png","sence/xuanzhong1.png","sence/shiyongzhong.png","sence/dengji.png","sence/clip_shuzi.png"],"loadList3D":[]}