{"type":"View","props":{"y":0,"x":0,"width":750,"height":1334},"compId":2,"child":[{"type":"Box","props":{"var":"fightbox","top":0,"right":0,"left":0,"bottom":0},"compId":4,"child":[{"type":"Sprite","props":{"y":0,"x":0,"var":"battleSp"},"compId":109}]},{"type":"Box","props":{"y":972,"var":"blood","centerX":0,"anchorY":0.5,"anchorX":0.5},"compId":29,"child":[{"type":"Image","props":{"y":0,"x":0,"var":"bloodDi","skin":"battlescene/xuetiaodi.png"},"compId":16},{"type":"Image","props":{"y":0,"x":0,"var":"bloodWhite","skin":"battlescene/xuetiaochunbai.png"},"compId":99},{"type":"Image","props":{"y":0,"x":0,"var":"bloodImg","skin":"battlescene/xuetiaoding.png"},"compId":17},{"type":"Image","props":{"y":0,"x":0,"skin":"battlescene/xuetiaodingbai.png"},"compId":84}]},{"type":"Sprite","props":{"y":27,"x":380,"texture":"sence/qiandi.png"},"compId":46,"child":[{"type":"FontClip","props":{"y":13.5,"x":26,"width":126,"var":"diamondFc","value":"999999","spaceX":-4,"skin":"sence/clip_shuzi.png","sheet":"01234 56789","height":28,"align":"center"},"compId":47},{"type":"Sprite","props":{"y":-10,"x":-25,"texture":"sence/dan.png"},"compId":80}]},{"type":"Button","props":{"y":190,"x":84,"var":"setBtn","stateNum":1,"skin":"sence/zhandoushezhi.png","scaleY":1.3,"scaleX":1.3,"anchorY":0.5,"anchorX":0.5},"compId":38},{"type":"Sprite","props":{"y":27,"x":178,"var":"goldBox","texture":"sence/qiandi.png"},"compId":41,"child":[{"type":"FontClip","props":{"y":13.5,"x":26,"width":126,"var":"goldFc","value":"999999","spaceX":-4,"skin":"sence/clip_shuzi.png","sheet":"01234 56789","height":28,"align":"center"},"compId":45},{"type":"Image","props":{"y":26,"x":-3,"var":"goldImg","skin":"sence/jinbi.png","anchorY":0.5,"anchorX":0.5},"compId":79}]},{"type":"TimeLogo","props":{"y":123,"x":613,"var":"gold","runtime":"ui.scene.TimeLogoUI"},"compId":86},{"type":"Box","props":{"y":1017,"x":86,"cacheAs":"bitmap"},"compId":98,"child":[{"type":"Image","props":{"var":"e0","skin":"sence/kuang0.png"},"compId":10,"child":[{"type":"Image","props":{"skin":"icons/300004.png","centerY":0,"centerX":0},"compId":63}]},{"type":"Image","props":{"y":130,"x":-86,"skin":"battlescene/shuxianglan.png","centerX":0},"compId":14,"child":[{"type":"Text","props":{"y":95,"x":11,"width":105,"var":"l0","valign":"middle","text":"2000","height":56,"fontSize":32,"color":"#ff5252","align":"center","runtime":"laya.display.Text"},"compId":70},{"type":"Text","props":{"y":95,"x":121,"width":105,"var":"l1","valign":"middle","text":"2000","height":56,"fontSize":32,"color":"#ffde44","align":"center","runtime":"laya.display.Text"},"compId":75},{"type":"Text","props":{"y":95,"x":239,"width":105,"var":"l2","valign":"middle","text":"2000","height":56,"fontSize":32,"color":"#8eceff","align":"center","runtime":"laya.display.Text"},"compId":76},{"type":"Text","props":{"y":95,"x":346,"width":105,"var":"l3","valign":"middle","text":"2000","height":56,"fontSize":32,"color":"#c974ff","align":"center","runtime":"laya.display.Text"},"compId":77},{"type":"Text","props":{"y":95,"x":452,"width":105,"var":"l4","valign":"middle","text":"2000","height":56,"fontSize":32,"color":"#9efa3a","align":"center","runtime":"laya.display.Text"},"compId":78}]},{"type":"Image","props":{"x":147,"var":"e1","skin":"sence/kuang0.png"},"compId":64,"child":[{"type":"Image","props":{"skin":"icons/300004.png","centerY":0,"centerX":0},"compId":65}]},{"type":"Image","props":{"x":295,"var":"e2","skin":"sence/kuang0.png"},"compId":66,"child":[{"type":"Image","props":{"skin":"icons/300004.png","centerY":0,"centerX":0},"compId":67}]},{"type":"Image","props":{"x":442,"var":"e3","skin":"sence/kuang0.png"},"compId":68,"child":[{"type":"Image","props":{"skin":"icons/300004.png","centerY":0,"centerX":0},"compId":69}]}]},{"type":"Clip","props":{"y":624,"x":28,"var":"guaJiClip","skin":"battlescene/btn_guaji.png","scaleY":1.1,"scaleX":1.1,"label":"label","clipY":2,"clipX":1},"compId":100},{"type":"Sprite","props":{"y":528,"x":623.5,"visible":false,"var":"rightHand","texture":"girl/xiangyou.png"},"compId":104},{"type":"Image","props":{"x":507.5,"visible":false,"var":"tiaoguo","skin":"newhand/tiaoguo.png","bottom":412},"compId":105},{"type":"Button","props":{"y":537,"x":-211,"width":86,"visible":false,"var":"zhuanBtn","stateNum":1,"skin":"sence/zhuanpan.png","height":103},"compId":106},{"type":"Box","props":{"y":537,"x":93.5,"width":133,"var":"btnBox","height":147,"anchorY":0.5,"anchorX":0.5},"compId":111,"child":[{"type":"Button","props":{"y":69.75,"x":61.5,"width":82,"var":"roleBtn","stateNum":1,"skin":"sence/btn_juese.png","scaleY":1.5,"scaleX":1.5,"height":93,"anchorY":0.5,"anchorX":0.5},"compId":37,"child":[{"type":"hongtan","props":{"y":8,"x":41,"name":"red","runtime":"ui.scene.hongtanUI"},"compId":94}]}]}],"loadList":["battlescene/xuetiaodi.png","battlescene/xuetiaochunbai.png","battlescene/xuetiaoding.png","battlescene/xuetiaodingbai.png","sence/qiandi.png","sence/clip_shuzi.png","sence/dan.png","sence/zhandoushezhi.png","sence/jinbi.png","scene/TimeLogo.scene","sence/kuang0.png","icons/300004.png","battlescene/shuxianglan.png","battlescene/btn_guaji.png","girl/xiangyou.png","newhand/tiaoguo.png","sence/zhuanpan.png","sence/btn_juese.png","scene/hongtan.scene"],"loadList3D":[]}