{"type":"View","props":{"width":500,"height":500},"compId":2,"child":[{"type":"Animation","props":{"y":500,"x":246,"var":"bossAni","source":"scene/monsterAni/20034.ani"},"compId":3},{"type":"Box","props":{"y":168,"x":89,"width":300,"var":"hitBox","height":300},"compId":4},{"type":"MonsterBloodView","props":{"y":18,"x":136.5,"var":"blood","scaleY":2,"runtime":"ui.scene.MonsterBloodViewUI"},"compId":5},{"type":"Sprite","props":{"y":-32,"x":-155.5,"visible":false,"var":"talk","texture":"girl/waitme.png"},"compId":7}],"loadList":["scene/monsterAni/20034.ani","scene/MonsterBloodView.scene","girl/waitme.png"],"loadList3D":[]}