{"type":"View","props":{"width":350,"height":500},"compId":2,"child":[{"type":"Image","props":{"y":472,"x":44,"var":"yinying","skin":"monsterAni/20068/yinying.png","scaleY":2,"scaleX":2},"compId":5},{"type":"Image","props":{"y":326,"x":175,"var":"img","skin":"monsterAni/20068/zhuandao.png","scaleY":3,"scaleX":3,"anchorY":0.5,"anchorX":0.5},"compId":3},{"type":"Box","props":{"y":206,"x":55,"width":242,"var":"hitbox","height":243},"compId":4},{"type":"Clip","props":{"y":327.5,"x":174,"visible":false,"var":"clipZha","skin":"monsterAni/20034/clip_huoqiuzha.png","scaleY":3,"scaleX":3,"clipY":3,"clipX":5,"anchorY":0.5,"anchorX":0.5},"compId":7}],"loadList":["monsterAni/20068/yinying.png","monsterAni/20068/zhuandao.png","monsterAni/20034/clip_huoqiuzha.png"],"loadList3D":[]}