{"type":"View","props":{"width":200,"height":200},"compId":2,"child":[{"type":"Box","props":{"y":-29,"x":33,"width":201,"var":"box","height":284},"compId":8,"child":[{"type":"Button","props":{"y":163,"x":66,"width":132,"var":"s12","stateNum":1,"skin":"resselectstage/daguan.png","height":129,"anchorY":0.5,"anchorX":0.5},"compId":3},{"type":"Sprite","props":{"y":66,"x":36,"texture":"resselectstage/boss.png","scaleY":0.8,"scaleX":0.8},"compId":7},{"type":"sanjiao","props":{"y":38,"x":67,"visible":false,"var":"red","runtime":"ui.scene.sanjiaoUI"},"compId":9}]}],"loadList":["resselectstage/daguan.png","resselectstage/boss.png","scene/sanjiao.scene"],"loadList3D":[]}