{"type":"View","props":{"width":230,"height":102},"compId":2,"child":[{"type":"Clip","props":{"y":-22,"x":0,"visible":false,"var":"clipZha","skin":"monsterAni/20034/clip_huoqiuzha.png","scaleY":3,"scaleX":3,"clipY":3,"clipX":5,"anchorY":0.5,"anchorX":0.5},"compId":4},{"type":"Clip","props":{"y":-124,"x":-128,"var":"fireClip","skin":"monsterAni/20034/clip_huoqiu.png","scaleY":2,"scaleX":2,"clipY":3,"clipX":3},"compId":3},{"type":"Box","props":{"y":-51,"x":-13,"width":105,"var":"hitBox","height":59},"compId":5}],"loadList":["monsterAni/20034/clip_huoqiuzha.png","monsterAni/20034/clip_huoqiu.png"],"loadList3D":[]}