{"type":"View","props":{"width":300,"height":400},"compId":2,"child":[{"type":"Animation","props":{"y":400,"x":150,"var":"ani","source":"scene/monsterAni/20068_1.ani"},"compId":3},{"type":"Box","props":{"y":69,"x":126,"width":60,"var":"hitBox","height":331},"compId":4},{"type":"MonsterBloodView","props":{"y":55,"x":103,"var":"blood","scaleY":1,"scaleX":0.5,"runtime":"ui.scene.MonsterBloodViewUI"},"compId":7}],"loadList":["scene/monsterAni/20068_1.ani","scene/MonsterBloodView.scene"],"loadList3D":[]}