{"type":"View","props":{"width":500,"height":500},"compId":2,"child":[{"type":"Image","props":{"y":310.5,"x":250,"var":"dan","skin":"monsterAni/20068/luo_001.png","scaleY":3,"scaleX":3,"anchorY":1,"anchorX":0.5},"compId":3,"child":[{"type":"Box","props":{"y":217,"x":48,"width":152,"var":"hitbox","height":113},"compId":9}]},{"type":"hongquan","props":{"y":450,"x":150,"var":"redView","runtime":"ui.scene.hongquanUI"},"compId":4},{"type":"Clip","props":{"y":486,"x":250,"visible":false,"var":"clipZha","skin":"monsterAni/20034/clip_huoqiuzha.png","scaleY":3,"scaleX":3,"clipY":3,"clipX":5,"anchorY":0.5,"anchorX":0.5},"compId":6}],"loadList":["monsterAni/20068/luo_001.png","scene/hongquan.scene","monsterAni/20034/clip_huoqiuzha.png"],"loadList3D":[]}