{"type":"View","props":{"width":200,"height":200},"compId":2,"child":[{"type":"Animation","props":{"y":78,"x":90,"visible":false,"var":"att","source":"scene/texiao/jiagongji.ani","scaleY":1.5,"scaleX":1.5},"compId":3},{"type":"Animation","props":{"y":111,"x":107,"visible":false,"var":"def","source":"scene/texiao/jiafangyu.ani","scaleY":2,"scaleX":2},"compId":4},{"type":"Animation","props":{"y":46,"x":90,"visible":false,"var":"addhp","source":"scene/texiao/jiaxue.ani","scaleY":2,"scaleX":2},"compId":5},{"type":"Animation","props":{"y":53,"x":101,"visible":false,"var":"speed","source":"scene/texiao/jiasudu.ani","scaleY":2,"scaleX":2},"compId":6},{"type":"Animation","props":{"y":78,"x":101,"visible":false,"var":"crit","source":"scene/texiao/jiabaoji.ani","scaleY":2,"scaleX":2},"compId":7}],"loadList":["scene/texiao/jiagongji.ani","scene/texiao/jiafangyu.ani","scene/texiao/jiaxue.ani","scene/texiao/jiasudu.ani","scene/texiao/jiabaoji.ani"],"loadList3D":[]}