{"type":"View","props":{"width":160,"height":160},"compId":2,"child":[{"type":"Image","props":{"y":80,"x":80,"skin":"sence/liubei.png","anchorY":0.5,"anchorX":0.5},"compId":3}],"animations":[{"nodes":[{"target":3,"keyframes":{"scaleY":[{"value":1,"tweenMethod":"linearNone","tween":true,"target":3,"key":"scaleY","index":0},{"value":1,"tweenMethod":"linearNone","tween":true,"target":3,"key":"scaleY","index":20},{"value":1.25,"tweenMethod":"linearNone","tween":true,"target":3,"key":"scaleY","index":35},{"value":1,"tweenMethod":"linearNone","tween":true,"target":3,"key":"scaleY","index":39},{"value":1.15,"tweenMethod":"linearNone","tween":true,"target":3,"key":"scaleY","index":43},{"value":1,"tweenMethod":"linearNone","tween":true,"target":3,"key":"scaleY","index":46},{"value":1.1,"tweenMethod":"linearNone","tween":true,"target":3,"key":"scaleY","index":48},{"value":1,"tweenMethod":"linearNone","tween":true,"target":3,"key":"scaleY","index":51}],"scaleX":[{"value":1,"tweenMethod":"linearNone","tween":true,"target":3,"key":"scaleX","index":0},{"value":1,"tweenMethod":"linearNone","tween":true,"target":3,"key":"scaleX","index":20},{"value":1.25,"tweenMethod":"linearNone","tween":true,"target":3,"key":"scaleX","index":35},{"value":1,"tweenMethod":"linearNone","tween":true,"target":3,"key":"scaleX","index":39},{"value":1.15,"tweenMethod":"linearNone","tween":true,"target":3,"key":"scaleX","index":43},{"value":1,"tweenMethod":"linearNone","tween":true,"target":3,"key":"scaleX","index":46},{"value":1.1,"tweenMethod":"linearNone","tween":true,"target":3,"key":"scaleX","index":48},{"value":1,"tweenMethod":"linearNone","tween":true,"target":3,"key":"scaleX","index":51}]}}],"name":"ani1","id":1,"frameRate":60,"action":2}],"loadList":["sence/liubei.png"],"loadList3D":[]}