{"type":"View","props":{"width":350,"height":350},"compId":2,"child":[{"type":"Image","props":{"y":175,"x":175,"skin":"dabaoxiang/dabao.png","anchorY":0.5,"anchorX":0.5},"compId":3}],"animations":[{"nodes":[{"target":3,"keyframes":{"skin":[{"value":"dabaoxiang/dabao.png","tweenMethod":"linearNone","tween":false,"target":3,"key":"skin","index":0}],"scaleY":[{"value":1,"tweenMethod":"linearNone","tween":true,"target":3,"key":"scaleY","index":0},{"value":1,"tweenMethod":"linearNone","tween":true,"target":3,"label":null,"key":"scaleY","index":40},{"value":1.2,"tweenMethod":"linearNone","tween":true,"target":3,"key":"scaleY","index":42},{"value":1.2,"tweenMethod":"linearNone","tween":true,"target":3,"key":"scaleY","index":56},{"value":1.2,"tweenMethod":"linearNone","tween":true,"target":3,"label":null,"key":"scaleY","index":67},{"value":1,"tweenMethod":"linearNone","tween":true,"target":3,"key":"scaleY","index":70}],"scaleX":[{"value":1,"tweenMethod":"linearNone","tween":true,"target":3,"key":"scaleX","index":0},{"value":1,"tweenMethod":"linearNone","tween":true,"target":3,"label":null,"key":"scaleX","index":40},{"value":1.2,"tweenMethod":"linearNone","tween":true,"target":3,"key":"scaleX","index":42},{"value":1.2,"tweenMethod":"linearNone","tween":true,"target":3,"key":"scaleX","index":56},{"value":1.2,"tweenMethod":"linearNone","tween":true,"target":3,"label":null,"key":"scaleX","index":67},{"value":1,"tweenMethod":"linearNone","tween":true,"target":3,"key":"scaleX","index":70}],"rotation":[{"value":0,"tweenMethod":"linearNone","tween":true,"target":3,"key":"rotation","index":0},{"value":0,"tweenMethod":"linearNone","tween":true,"target":3,"label":null,"key":"rotation","index":40},{"value":0,"tweenMethod":"linearNone","tween":true,"target":3,"key":"rotation","index":42},{"value":-7,"tweenMethod":"linearNone","tween":true,"target":3,"key":"rotation","index":44},{"value":12,"tweenMethod":"linearNone","tween":true,"target":3,"key":"rotation","index":46},{"value":-12,"tweenMethod":"linearNone","tween":true,"target":3,"key":"rotation","index":48},{"value":13,"tweenMethod":"linearNone","tween":true,"target":3,"key":"rotation","index":50},{"value":-12,"tweenMethod":"linearNone","tween":true,"target":3,"key":"rotation","index":52},{"value":14,"tweenMethod":"linearNone","tween":true,"target":3,"key":"rotation","index":54},{"value":0,"tweenMethod":"linearNone","tween":true,"target":3,"key":"rotation","index":56},{"value":0,"tweenMethod":"linearNone","tween":true,"target":3,"label":null,"key":"rotation","index":67}]}}],"name":"ani1","id":1,"frameRate":60,"action":0}],"loadList":["dabaoxiang/dabao.png"],"loadList3D":[]}