{"type":"View","props":{"width":750,"height":500},"compId":2,"child":[{"type":"Image","props":{"y":68,"x":0,"skin":"battlescene/laixiBG1.png"},"compId":3},{"type":"Image","props":{"y":96,"x":33,"skin":"battlescene/laixiBG2.png"},"compId":4},{"type":"Image","props":{"y":253,"x":-9,"skin":"battlescene/daguaishou.png","anchorY":1,"anchorX":1},"compId":5},{"type":"Image","props":{"y":228.5,"x":762,"skin":"battlescene/laixi.png","anchorY":1,"anchorX":0},"compId":6}],"animations":[{"nodes":[{"target":4,"keyframes":{"y":[{"value":92,"tweenMethod":"linearNone","tween":true,"target":4,"key":"y","index":0},{"value":86,"tweenMethod":"linearNone","tween":true,"target":4,"key":"y","index":2},{"value":86,"tweenMethod":"linearNone","tween":true,"target":4,"label":null,"key":"y","index":43},{"value":86,"tweenMethod":"linearNone","tween":true,"target":4,"key":"y","index":47}],"x":[{"value":750,"tweenMethod":"linearNone","tween":true,"target":4,"key":"x","index":0},{"value":33,"tweenMethod":"linearNone","tween":true,"target":4,"key":"x","index":2},{"value":33,"tweenMethod":"linearNone","tween":true,"target":4,"label":null,"key":"x","index":43},{"value":751,"tweenMethod":"linearNone","tween":true,"target":4,"key":"x","index":47}]}},{"target":3,"keyframes":{"y":[{"value":58,"tweenMethod":"linearNone","tween":true,"target":3,"key":"y","index":0}],"x":[{"value":-750,"tweenMethod":"linearNone","tween":true,"target":3,"key":"x","index":0},{"value":0,"tweenMethod":"linearNone","tween":true,"target":3,"key":"x","index":2},{"value":0,"tweenMethod":"linearNone","tween":true,"target":3,"label":null,"key":"x","index":43},{"value":-750,"tweenMethod":"linearNone","tween":true,"target":3,"label":null,"key":"x","index":47}]}},{"target":5,"keyframes":{"y":[{"value":253,"tweenMethod":"linearNone","tween":true,"target":5,"key":"y","index":0},{"value":253,"tweenMethod":"linearNone","tween":true,"target":5,"label":null,"key":"y","index":4},{"value":241,"tweenMethod":"linearNone","tween":true,"target":5,"key":"y","index":7},{"value":240.58408215661103,"tweenMethod":"linearNone","tween":true,"target":5,"key":"y","index":45},{"value":233,"tweenMethod":"linearNone","tween":true,"target":5,"key":"y","index":48}],"x":[{"value":-9,"tweenMethod":"linearNone","tween":true,"target":5,"key":"x","index":0},{"value":-9,"tweenMethod":"linearNone","tween":true,"target":5,"label":null,"key":"x","index":4},{"value":460,"tweenMethod":"linearNone","tween":true,"target":5,"key":"x","index":7},{"value":524,"tweenMethod":"linearNone","tween":true,"target":5,"key":"x","index":10},{"value":508.5263157894737,"tweenMethod":"linearNone","tween":true,"target":5,"key":"x","index":16},{"value":508.5263157894737,"tweenMethod":"linearNone","tween":true,"target":5,"key":"x","index":45},{"value":0,"tweenMethod":"linearNone","tween":true,"target":5,"key":"x","index":48}],"rotation":[{"value":0,"tweenMethod":"linearNone","tween":true,"target":5,"key":"rotation","index":0},{"value":17,"tweenMethod":"linearNone","tween":true,"target":5,"key":"rotation","index":4},{"value":17,"tweenMethod":"linearNone","tween":true,"target":5,"key":"rotation","index":7},{"value":17,"tweenMethod":"linearNone","tween":true,"target":5,"key":"rotation","index":10},{"value":0,"tweenMethod":"linearNone","tween":true,"target":5,"key":"rotation","index":12},{"value":4,"tweenMethod":"linearNone","tween":true,"target":5,"key":"rotation","index":14},{"value":0,"tweenMethod":"linearNone","tween":true,"target":5,"key":"rotation","index":16},{"value":0,"tweenMethod":"linearNone","tween":true,"target":5,"label":null,"key":"rotation","index":45}]}},{"target":6,"keyframes":{"y":[{"value":228.5,"tweenMethod":"linearNone","tween":true,"target":6,"key":"y","index":0},{"value":228.5,"tweenMethod":"linearNone","tween":true,"target":6,"label":null,"key":"y","index":4},{"value":227,"tweenMethod":"linearNone","tween":true,"target":6,"key":"y","index":6},{"value":227.9042236763831,"tweenMethod":"linearNone","tween":true,"target":6,"key":"y","index":45},{"value":230.70731707317074,"tweenMethod":"linearNone","tween":true,"target":6,"key":"y","index":48}],"x":[{"value":762,"tweenMethod":"linearNone","tween":true,"target":6,"key":"x","index":0},{"value":762,"tweenMethod":"linearNone","tween":true,"target":6,"label":null,"key":"x","index":4},{"value":494,"tweenMethod":"linearNone","tween":true,"target":6,"key":"x","index":6},{"value":508,"tweenMethod":"linearNone","tween":true,"target":6,"key":"x","index":11},{"value":494.6111111111111,"tweenMethod":"linearNone","tween":true,"target":6,"key":"x","index":16},{"value":494.6111111111111,"tweenMethod":"linearNone","tween":true,"target":6,"label":null,"key":"x","index":45},{"value":786,"tweenMethod":"linearNone","tween":true,"target":6,"key":"x","index":48}],"scaleX":[{"value":1,"tweenMethod":"linearNone","tween":true,"target":6,"key":"scaleX","index":0},{"value":1,"tweenMethod":"linearNone","tween":true,"target":6,"label":null,"key":"scaleX","index":4},{"value":1,"tweenMethod":"linearNone","tween":true,"target":6,"key":"scaleX","index":6},{"value":0.2,"tweenMethod":"linearNone","tween":true,"target":6,"key":"scaleX","index":8},{"value":1.2,"tweenMethod":"linearNone","tween":true,"target":6,"key":"scaleX","index":11},{"value":0.9,"tweenMethod":"linearNone","tween":true,"target":6,"key":"scaleX","index":13},{"value":1.1,"tweenMethod":"linearNone","tween":true,"target":6,"key":"scaleX","index":15},{"value":1,"tweenMethod":"linearNone","tween":true,"target":6,"key":"scaleX","index":16},{"value":1,"tweenMethod":"linearNone","tween":true,"target":6,"label":null,"key":"scaleX","index":45}]}}],"name":"ani1","id":1,"frameRate":24,"action":0}],"loadList":["battlescene/laixiBG1.png","battlescene/laixiBG2.png","battlescene/daguaishou.png","battlescene/laixi.png"],"loadList3D":[]}