{"type":"View","props":{"width":100,"height":80},"compId":2,"child":[{"type":"Image","props":{"y":80,"x":50,"width":74,"var":"di","skin":"battlescene/ying.png","height":15,"anchorY":0.5,"anchorX":0.5},"compId":4},{"type":"Image","props":{"y":49,"x":57,"var":"weapon","skin":"icons/200022.png","scaleY":0.7,"scaleX":0.7,"anchorY":0.5,"anchorX":0.5},"compId":3},{"type":"Image","props":{"y":61,"x":49,"width":123,"var":"head","skin":"icons/300001.png","scaleY":0.7,"scaleX":0.7,"height":123,"anchorY":0.5,"anchorX":0.5},"compId":8},{"type":"Image","props":{"y":48,"x":50,"width":123,"var":"body","skin":"icons/400022.png","scaleY":0.7,"scaleX":0.7,"height":123,"anchorY":0.5,"anchorX":0.5},"compId":9},{"type":"Image","props":{"y":49,"x":54,"width":123,"var":"horse","skin":"icons/500022.png","scaleY":0.7,"scaleX":0.7,"height":123,"anchorY":0.5,"anchorX":0.5},"compId":11},{"type":"Image","props":{"y":39,"x":32,"var":"egg","skin":"sence/dan.png","scaleY":0.7,"scaleX":0.7},"compId":13},{"type":"Box","props":{"y":0,"x":47,"width":7,"var":"hitbox","height":80},"compId":5}],"loadList":["battlescene/ying.png","icons/200022.png","icons/300001.png","icons/400022.png","icons/500022.png","sence/dan.png"],"loadList3D":[]}