{"type":"View","props":{"width":220,"height":200},"compId":2,"child":[{"type":"jiagong","props":{"y":-21,"x":0,"visible":false,"var":"gong","runtime":"ui.scene.jiagongUI"},"compId":3},{"type":"jiabaoji","props":{"y":-21,"x":0,"visible":false,"var":"baoji","runtime":"ui.scene.jiabaojiUI"},"compId":4},{"type":"jiafangyu","props":{"y":-20,"x":0,"visible":false,"var":"fangyu","runtime":"ui.scene.jiafangyuUI"},"compId":5},{"type":"jiasudu","props":{"y":-21,"x":0,"visible":false,"var":"sudu","runtime":"ui.scene.jiasuduUI"},"compId":6},{"type":"Box","props":{"y":0,"width":10,"var":"hitBox","height":200,"centerX":0},"compId":7},{"type":"Image","props":{"y":157,"x":110,"var":"img","skin":"battlescene/gongjishi.png","anchorY":0.5,"anchorX":0.5},"compId":8}],"loadList":["scene/jiagong.scene","scene/jiabaoji.scene","scene/jiafangyu.scene","scene/jiasudu.scene","battlescene/gongjishi.png"],"loadList3D":[]}