{"type":"View","props":{"width":750,"height":1334},"compId":2,"child":[{"type":"Image","props":{"y":333,"x":404,"skin":"battlescene/youchi.png","scaleY":1,"rotation":18,"anchorY":0.8,"anchorX":0,"alpha":0.6},"compId":5},{"type":"Image","props":{"y":348,"x":367,"var":"box","skin":"battlescene/feibaoxiang.png","rotation":15,"anchorY":0.5,"anchorX":0.5},"compId":3},{"type":"Image","props":{"y":331,"x":336,"skin":"battlescene/zuochi.png","scaleY":1,"rotation":18,"anchorY":0.8,"anchorX":1,"alpha":0.6},"compId":4}],"animations":[{"nodes":[{"target":4,"keyframes":{"y":[{"value":330,"tweenMethod":"linearNone","tween":true,"target":4,"key":"y","index":0},{"value":372,"tweenMethod":"linearNone","tween":true,"target":4,"key":"y","index":20},{"value":330,"tweenMethod":"linearNone","tween":true,"target":4,"label":null,"key":"y","index":40}],"x":[{"value":336,"tweenMethod":"linearNone","tween":true,"target":4,"key":"x","index":0},{"value":332,"tweenMethod":"linearNone","tween":true,"target":4,"key":"x","index":20},{"value":336,"tweenMethod":"linearNone","tween":true,"target":4,"label":null,"key":"x","index":40}],"scaleY":[{"value":1,"tweenMethod":"linearNone","tween":true,"target":4,"key":"scaleY","index":0},{"value":-1,"tweenMethod":"linearNone","tween":true,"target":4,"key":"scaleY","index":20},{"value":1,"tweenMethod":"linearNone","tween":true,"target":4,"label":null,"key":"scaleY","index":40}],"rotation":[{"value":18,"tweenMethod":"linearNone","tween":true,"target":4,"key":"rotation","index":0},{"value":-41,"tweenMethod":"linearNone","tween":true,"target":4,"key":"rotation","index":20},{"value":18,"tweenMethod":"linearNone","tween":true,"target":4,"label":null,"key":"rotation","index":40}]}},{"target":3,"keyframes":{"y":[{"value":347,"tweenMethod":"linearNone","tween":true,"target":3,"key":"y","index":0},{"value":391,"tweenMethod":"linearNone","tween":true,"target":3,"key":"y","index":20},{"value":347,"tweenMethod":"linearNone","tween":true,"target":3,"label":null,"key":"y","index":40}],"x":[{"value":367,"tweenMethod":"linearNone","tween":true,"target":3,"key":"x","index":0},{"value":363,"tweenMethod":"linearNone","tween":true,"target":3,"key":"x","index":20},{"value":367,"tweenMethod":"linearNone","tween":true,"target":3,"label":null,"key":"x","index":40}]}},{"target":5,"keyframes":{"y":[{"value":334,"tweenMethod":"linearNone","tween":true,"target":5,"key":"y","index":0},{"value":380,"tweenMethod":"linearNone","tween":true,"target":5,"key":"y","index":20},{"value":334,"tweenMethod":"linearNone","tween":true,"target":5,"label":null,"key":"y","index":40}],"x":[{"value":404,"tweenMethod":"linearNone","tween":true,"target":5,"key":"x","index":0},{"value":400,"tweenMethod":"linearNone","tween":true,"target":5,"key":"x","index":20},{"value":404,"tweenMethod":"linearNone","tween":true,"target":5,"label":null,"key":"x","index":40}],"scaleY":[{"value":1,"tweenMethod":"linearNone","tween":true,"target":5,"key":"scaleY","index":0},{"value":-1,"tweenMethod":"linearNone","tween":true,"target":5,"key":"scaleY","index":20},{"value":1,"tweenMethod":"linearNone","tween":true,"target":5,"label":null,"key":"scaleY","index":40}],"rotation":[{"value":1,"tweenMethod":"linearNone","tween":true,"target":5,"key":"rotation","index":0},{"value":32,"tweenMethod":"linearNone","tween":true,"target":5,"key":"rotation","index":20},{"value":1,"tweenMethod":"linearNone","tween":true,"target":5,"label":null,"key":"rotation","index":40}]}}],"name":"ani1","id":1,"frameRate":60,"action":0}],"loadList":["battlescene/youchi.png","battlescene/feibaoxiang.png","battlescene/zuochi.png"],"loadList3D":[]}