{"type":"Dialog","props":{"width":750,"isModal":true,"height":1200},"compId":2,"child":[{"type":"Box","props":{"y":15,"x":-260,"scaleY":0.85,"scaleX":0.85},"compId":45,"child":[{"type":"LightView","props":{"y":546,"x":735.5,"var":"light","scaleY":2,"scaleX":2,"anchorY":0.5,"anchorX":0.5,"runtime":"ui.scene.LightViewUI"},"compId":42},{"type":"Box","props":{"y":91,"x":398,"width":687,"height":877},"compId":36,"child":[{"type":"Image","props":{"y":0,"x":0,"width":682,"skin":"sence/kuangBG.png","sizeGrid":"81,70,76,69","height":893},"compId":5},{"type":"Image","props":{"y":95,"width":643,"skin":"sence/chuangkoubai.png","sizeGrid":"20,23,19,22","height":695,"centerX":-3},"compId":27},{"type":"Image","props":{"y":201,"x":123,"skin":"sence/jinbidai.png"},"compId":28},{"type":"Sprite","props":{"y":228,"x":328,"texture":"flybox/hailiangjinbi.png"},"compId":29},{"type":"Sprite","props":{"y":431,"x":330,"texture":"flybox/jipin.png"},"compId":30},{"type":"Sprite","props":{"y":401,"x":276,"width":146,"texture":"flybox/ZDguan.png","scaleX":-1,"height":143},"compId":31},{"type":"Image","props":{"y":606,"x":19,"width":643,"skin":"sence/baoxiangBG.png","sizeGrid":"28,18,26,20","height":184,"alpha":0.3},"compId":37},{"type":"Button","props":{"y":695,"x":340.5,"width":439,"var":"AdLingBtn","stateNum":1,"skin":"sence/btn_zi.png","sizeGrid":"18,19,20,18","height":94,"anchorY":0.5,"anchorX":0.5},"compId":32,"child":[{"type":"Sprite","props":{"y":14,"x":59,"texture":"sence/action.png"},"compId":34},{"type":"Sprite","props":{"y":14,"x":143,"texture":"flybox/mianling.png"},"compId":35}]},{"type":"Image","props":{"y":-10,"x":82,"width":520,"skin":"sence/paihangbangdi.png","sizeGrid":"0,171,0,173","height":117},"compId":40},{"type":"Sprite","props":{"y":4,"x":271,"texture":"flybox/xingyunbaoxiang.png"},"compId":41}]},{"type":"Button","props":{"y":888,"x":435,"width":80,"var":"closeBtn","stateNum":1,"skin":"sence/btn_guanbi.png","name":"close","height":80},"compId":44}]}],"loadList":["scene/LightView.scene","sence/kuangBG.png","sence/chuangkoubai.png","sence/jinbidai.png","flybox/hailiangjinbi.png","flybox/jipin.png","flybox/ZDguan.png","sence/baoxiangBG.png","sence/btn_zi.png","sence/action.png","flybox/mianling.png","sence/paihangbangdi.png","flybox/xingyunbaoxiang.png","sence/btn_guanbi.png"],"loadList3D":[]}