{"type":"Dialog","props":{"width":700,"isModal":true,"height":1000},"compId":2,"child":[{"type":"LightView","props":{"y":336,"x":346,"var":"light","anchorY":0.5,"anchorX":0.5,"runtime":"ui.scene.LightViewUI"},"compId":20},{"type":"Image","props":{"y":333,"var":"logo","skin":"sence/jinbidai.png","centerX":0,"anchorY":0.5,"anchorX":0.5},"compId":5},{"type":"FontClip","props":{"y":410,"x":217,"width":133,"var":"goldFc","value":"99999","spaceX":-4,"skin":"sence/clip_shuzi.png","sheet":"01234 56789","scaleY":2,"scaleX":2,"height":24,"align":"center"},"compId":6},{"type":"Button","props":{"y":559,"x":350,"width":229,"var":"btn","stateNum":1,"skin":"sence/btn_lv.png","sizeGrid":"18,19,20,18","name":"close","height":56,"anchorY":0.5,"anchorX":0.5},"compId":7,"child":[{"type":"Sprite","props":{"y":14,"x":85.5,"texture":"sence/queding.png"},"compId":10}]},{"type":"Sprite","props":{"y":105,"x":149.5,"texture":"sence/biaotifu.png"},"compId":11,"child":[{"type":"Image","props":{"y":8,"skin":"sence/gongxihuode.png","centerX":-1},"compId":12}]},{"type":"Image","props":{"y":483,"x":357.5,"var":"equipTxtImg","skin":"sence/jingying.png","anchorY":0.5,"anchorX":0.5},"compId":14}],"loadList":["scene/LightView.scene","sence/jinbidai.png","sence/clip_shuzi.png","sence/btn_lv.png","sence/queding.png","sence/biaotifu.png","sence/gongxihuode.png","sence/jingying.png"],"loadList3D":[]}