{"type":"View","props":{"width":700,"height":700},"compId":2,"child":[{"type":"LightView","props":{"y":346,"x":356,"var":"light","blendMode":"lighter","anchorY":0.5,"anchorX":0.5,"runtime":"ui.scene.LightViewUI"},"compId":7},{"type":"Image","props":{"y":346,"x":360,"var":"logo","skin":"sence/jinbidai.png","anchorY":0.5,"anchorX":0.5},"compId":8},{"type":"FontClip","props":{"y":446,"x":234,"width":133,"var":"goldFc","value":"99999","spaceX":-4,"skin":"sence/clip_shuzi.png","sheet":"01234 56789","scaleY":2,"scaleX":2,"height":24,"align":"center"},"compId":9},{"type":"Image","props":{"y":493,"x":367,"var":"equipTxtImg","skin":"sence/jingying.png","anchorY":0.5,"anchorX":0.5},"compId":11}],"loadList":["scene/LightView.scene","sence/jinbidai.png","sence/clip_shuzi.png","sence/jingying.png"],"loadList3D":[]}