{"type":"Dialog","props":{"width":750,"isModal":true,"height":1300},"compId":2,"child":[{"type":"Sprite","props":{"y":0,"x":174,"texture":"sence/biaotifu.png"},"compId":3,"child":[{"type":"Image","props":{"y":8,"skin":"sence/gongxihuode.png","centerX":-1},"compId":4}]},{"type":"Button","props":{"y":1244,"x":375,"width":229,"var":"btn","stateNum":1,"skin":"sence/btn_lv.png","sizeGrid":"18,19,20,18","name":"close","height":65,"anchorY":0.5,"anchorX":0.5},"compId":5,"child":[{"type":"Sprite","props":{"y":14,"x":85.5,"texture":"sence/queding.png"},"compId":6}]},{"type":"Box","props":{"y":96,"x":0,"width":750,"var":"box","height":1096},"compId":30}],"loadList":["sence/biaotifu.png","sence/gongxihuode.png","sence/btn_lv.png","sence/queding.png"],"loadList3D":[]}