{"type":"View","props":{"width":750,"height":1334},"compId":2,"child":[{"type":"Image","props":{"y":1136,"x":0,"width":750,"var":"talkbg","skin":"girl/heia.jpg","sizeGrid":"1,1,1,1","height":198,"alpha":0.9},"compId":7,"child":[{"type":"Text","props":{"y":42.5,"x":221,"wordWrap":true,"width":420,"var":"txt","text":"你还在磨蹭什么？魔龙开始侵袭！ 赶紧去增援！","height":113,"fontSize":30,"color":"#ffffff","runtime":"laya.display.Text"},"compId":17}]},{"type":"Image","props":{"var":"girl","skin":"girl/yindaoyuan.png","left":0,"bottom":0},"compId":3,"child":[{"type":"Image","props":{"y":0,"x":0,"var":"nu","skin":"girl/yindaoyuan1.png"},"compId":4},{"type":"Image","props":{"y":0,"x":0,"var":"xiao","skin":"girl/yindaoyuan2.png"},"compId":5},{"type":"Image","props":{"y":0,"x":0,"var":"daxiao","skin":"girl/yindaoyuan3.png"},"compId":6}]},{"type":"Box","props":{"width":750,"var":"box1","top":0,"left":0,"bottom":0},"compId":12,"child":[{"type":"Image","props":{"width":375,"var":"rightImg","top":0,"right":0,"bottom":0,"alpha":0.8},"compId":10},{"type":"Image","props":{"y":531,"x":599,"skin":"girl/xiangyou.png"},"compId":9},{"type":"Image","props":{"width":375,"var":"leftImg","top":-1,"left":0,"bottom":0,"alpha":0.2},"compId":11},{"type":"Image","props":{"y":532,"x":46,"skin":"girl/xiangzuo.png"},"compId":8},{"type":"Sprite","props":{"y":647,"x":562.5,"texture":"girl/xiangyouzou.png"},"compId":22},{"type":"Sprite","props":{"y":647,"x":43,"texture":"girl/xiangzuozou.png"},"compId":23}]}],"loadList":["girl/heia.jpg","girl/yindaoyuan.png","girl/yindaoyuan1.png","girl/yindaoyuan2.png","girl/yindaoyuan3.png","girl/xiangyou.png","girl/xiangzuo.png","girl/xiangyouzou.png","girl/xiangzuozou.png"],"loadList3D":[]}