{"type":"View","props":{"y":90,"x":90,"width":180,"scaleY":1,"scaleX":1,"height":180,"anchorY":0.5,"anchorX":0.5},"compId":2,"child":[{"type":"Image","props":{"y":90,"x":90,"skin":"sence/xuanzhong1.png","scaleY":1.08,"scaleX":1.08,"anchorY":0.5,"anchorX":0.5},"compId":4}],"animations":[{"nodes":[{"target":2,"keyframes":{"scaleY":[{"value":1,"tweenMethod":"linearNone","tween":true,"target":2,"key":"scaleY","index":0}],"scaleX":[{"value":1,"tweenMethod":"linearNone","tween":true,"target":2,"key":"scaleX","index":0}]}},{"target":4,"keyframes":{"scaleY":[{"value":1,"tweenMethod":"linearNone","tween":true,"target":4,"key":"scaleY","index":0},{"value":1.1,"tweenMethod":"linearNone","tween":true,"target":4,"key":"scaleY","index":15},{"value":1,"tweenMethod":"linearNone","tween":true,"target":4,"key":"scaleY","index":30}],"scaleX":[{"value":1,"tweenMethod":"linearNone","tween":true,"target":4,"key":"scaleX","index":0},{"value":1.1,"tweenMethod":"linearNone","tween":true,"target":4,"key":"scaleX","index":15},{"value":1,"tweenMethod":"linearNone","tween":true,"target":4,"key":"scaleX","index":30}]}}],"name":"ani1","id":1,"frameRate":60,"action":0}],"loadList":["sence/xuanzhong1.png"],"loadList3D":[]}