{"type":"View","props":{"y":120,"x":102,"width":205,"height":240,"anchorY":0.5,"anchorX":0.5},"compId":2,"child":[{"type":"Image","props":{"y":60,"x":40.5,"var":"kuang","skin":"sence/kuang1.png"},"compId":4},{"type":"Image","props":{"y":120,"x":102,"var":"he3","skin":"icons/200004.png","anchorY":0.5,"anchorX":0.5,"alpha":0},"compId":9},{"type":"Image","props":{"y":121,"x":102,"var":"he2","skin":"icons/200004.png","scaleY":1.6,"scaleX":1.6,"anchorY":0.5,"anchorX":0.5,"alpha":0},"compId":7},{"type":"Image","props":{"y":121,"x":102,"var":"he1","skin":"icons/200005.png","scaleY":1,"scaleX":1,"anchorY":0.5,"anchorX":0.5,"alpha":1},"compId":5},{"type":"Image","props":{"y":122,"x":102,"var":"bian","skin":"icons/200005.png","scaleY":1,"scaleX":1,"anchorY":0.5,"anchorX":0.5,"alpha":1},"compId":12},{"type":"Clip","props":{"y":2,"x":0,"width":206,"var":"hechengguang","skin":"sence/clip_he.png","height":206,"clipY":4,"clipX":4,"blendMode":"lighter","autoPlay":true},"compId":10}],"animations":[{"nodes":[{"target":5,"keyframes":{"y":[{"value":121,"tweenMethod":"linearNone","tween":true,"target":5,"key":"y","index":0},{"value":121,"tweenMethod":"linearNone","tween":true,"target":5,"key":"y","index":7},{"value":121,"tweenMethod":"linearNone","tween":true,"target":5,"key":"y","index":13},{"value":121,"tweenMethod":"linearNone","tween":true,"target":5,"label":null,"key":"y","index":17}],"x":[{"value":102,"tweenMethod":"linearNone","tween":true,"target":5,"key":"x","index":0},{"value":252,"tweenMethod":"linearNone","tween":true,"target":5,"key":"x","index":7},{"value":266,"tweenMethod":"linearNone","tween":true,"target":5,"key":"x","index":13},{"value":102,"tweenMethod":"linearNone","tween":true,"target":5,"label":null,"key":"x","index":17}],"skin":[{"value":"icons/200004.png","tweenMethod":"linearNone","tween":false,"target":5,"key":"skin","index":0},{"value":"icons/200004.png","tweenMethod":"linearNone","tween":false,"target":5,"label":null,"key":"skin","index":17},{"value":"icons/200005.png","tweenMethod":"linearNone","tween":false,"target":5,"key":"skin","index":22}],"scaleY":[{"value":1,"tweenMethod":"linearNone","tween":true,"target":5,"key":"scaleY","index":0},{"value":1,"tweenMethod":"linearNone","tween":true,"target":5,"label":null,"key":"scaleY","index":17},{"value":1.6,"tweenMethod":"linearNone","tween":true,"target":5,"key":"scaleY","index":21},{"value":1,"tweenMethod":"linearNone","tween":true,"target":5,"key":"scaleY","index":24}],"scaleX":[{"value":1,"tweenMethod":"linearNone","tween":true,"target":5,"key":"scaleX","index":0},{"value":1,"tweenMethod":"linearNone","tween":true,"target":5,"label":null,"key":"scaleX","index":17},{"value":1.6,"tweenMethod":"linearNone","tween":true,"target":5,"key":"scaleX","index":21},{"value":1,"tweenMethod":"linearNone","tween":true,"target":5,"key":"scaleX","index":24}],"alpha":[{"value":1,"tweenMethod":"linearNone","tween":true,"target":5,"key":"alpha","index":0},{"value":1,"tweenMethod":"linearNone","tween":true,"target":5,"label":null,"key":"alpha","index":17},{"value":1,"tweenMethod":"linearNone","tween":true,"target":5,"key":"alpha","index":23},{"value":0,"tweenMethod":"linearNone","tween":true,"target":5,"key":"alpha","index":24}]}},{"target":7,"keyframes":{"y":[{"value":121,"tweenMethod":"linearNone","tween":true,"target":7,"key":"y","index":0},{"value":121.5,"tweenMethod":"linearNone","tween":true,"target":7,"key":"y","index":7},{"value":121.5,"tweenMethod":"linearNone","tween":true,"target":7,"key":"y","index":13},{"value":121,"tweenMethod":"linearNone","tween":true,"target":7,"label":null,"key":"y","index":17}],"x":[{"value":102,"tweenMethod":"linearNone","tween":true,"target":7,"key":"x","index":0},{"value":-49,"tweenMethod":"linearNone","tween":true,"target":7,"key":"x","index":7},{"value":-61.5,"tweenMethod":"linearNone","tween":true,"target":7,"key":"x","index":13},{"value":102,"tweenMethod":"linearNone","tween":true,"target":7,"label":null,"key":"x","index":17}],"scaleY":[{"value":1,"tweenMethod":"linearNone","tween":true,"target":7,"key":"scaleY","index":0},{"value":1,"tweenMethod":"linearNone","tween":true,"target":7,"label":null,"key":"scaleY","index":17},{"value":1.6,"tweenMethod":"linearNone","tween":true,"target":7,"key":"scaleY","index":21}],"scaleX":[{"value":1,"tweenMethod":"linearNone","tween":true,"target":7,"key":"scaleX","index":0},{"value":1,"tweenMethod":"linearNone","tween":true,"target":7,"label":null,"key":"scaleX","index":17},{"value":1.6,"tweenMethod":"linearNone","tween":true,"target":7,"key":"scaleX","index":21}],"alpha":[{"value":1,"tweenMethod":"linearNone","tween":true,"target":7,"key":"alpha","index":0},{"value":1,"tweenMethod":"linearNone","tween":true,"target":7,"label":null,"key":"alpha","index":17},{"value":0,"tweenMethod":"linearNone","tween":true,"target":7,"key":"alpha","index":22}]}},{"target":9,"keyframes":{"alpha":[{"value":0.3,"tweenMethod":"linearNone","tween":true,"target":9,"key":"alpha","index":0},{"value":0.3,"tweenMethod":"linearNone","tween":true,"target":9,"key":"alpha","index":22},{"value":0,"tweenMethod":"linearNone","tween":true,"target":9,"key":"alpha","index":23}]}},{"target":12,"keyframes":{"alpha":[{"value":0,"tweenMethod":"linearNone","tween":true,"target":12,"key":"alpha","index":0},{"value":0,"tweenMethod":"linearNone","tween":true,"target":12,"key":"alpha","index":23},{"value":1,"tweenMethod":"linearNone","tween":true,"target":12,"key":"alpha","index":24}]}}],"name":"ani1","id":1,"frameRate":60,"action":0}],"loadList":["sence/kuang1.png","icons/200004.png","icons/200005.png","sence/clip_he.png"],"loadList3D":[]}