{"type":"View","props":{"width":50,"height":100},"compId":2,"child":[{"type":"Image","props":{"y":82,"x":25,"skin":"sence/hongtan.png","anchorY":1,"anchorX":0.5},"compId":3}],"animations":[{"nodes":[{"target":3,"keyframes":{"y":[{"value":100,"tweenMethod":"linearNone","tween":true,"target":3,"label":null,"key":"y","index":0},{"value":100,"tweenMethod":"linearNone","tween":true,"target":3,"key":"y","index":19}],"scaleY":[{"value":1,"tweenMethod":"linearNone","tween":true,"target":3,"label":null,"key":"scaleY","index":0},{"value":1,"tweenMethod":"linearNone","tween":true,"target":3,"key":"scaleY","index":19},{"value":1.2,"tweenMethod":"linearNone","tween":true,"target":3,"key":"scaleY","index":24},{"value":0.9,"tweenMethod":"linearNone","tween":true,"target":3,"key":"scaleY","index":28},{"value":1.1,"tweenMethod":"linearNone","tween":true,"target":3,"key":"scaleY","index":32},{"value":1,"tweenMethod":"linearNone","tween":true,"target":3,"key":"scaleY","index":35}],"scaleX":[{"value":1,"tweenMethod":"linearNone","tween":true,"target":3,"label":null,"key":"scaleX","index":0},{"value":1,"tweenMethod":"linearNone","tween":true,"target":3,"key":"scaleX","index":19},{"value":1.2,"tweenMethod":"linearNone","tween":true,"target":3,"key":"scaleX","index":24},{"value":0.9,"tweenMethod":"linearNone","tween":true,"target":3,"key":"scaleX","index":28},{"value":1.1,"tweenMethod":"linearNone","tween":true,"target":3,"key":"scaleX","index":32},{"value":1,"tweenMethod":"linearNone","tween":true,"target":3,"key":"scaleX","index":35}]}}],"name":"ani1","id":1,"frameRate":24,"action":0}],"loadList":["sence/hongtan.png"],"loadList3D":[]}