{"type":"View","props":{"width":200,"height":100},"compId":2,"child":[{"type":"Image","props":{"y":50,"x":100,"skin":"monsterAni/20034/hongdian.png","anchorY":0.5,"anchorX":0.5},"compId":3}],"animations":[{"nodes":[{"target":3,"keyframes":{"scaleY":[{"value":1,"tweenMethod":"linearNone","tween":true,"target":3,"key":"scaleY","index":0},{"value":0.8,"tweenMethod":"linearNone","tween":true,"target":3,"key":"scaleY","index":5},{"value":1,"tweenMethod":"linearNone","tween":true,"target":3,"label":null,"key":"scaleY","index":10}],"scaleX":[{"value":1,"tweenMethod":"linearNone","tween":true,"target":3,"key":"scaleX","index":0},{"value":0.8,"tweenMethod":"linearNone","tween":true,"target":3,"key":"scaleX","index":5},{"value":1,"tweenMethod":"linearNone","tween":true,"target":3,"label":null,"key":"scaleX","index":10}],"alpha":[{"value":0.8,"tweenMethod":"linearNone","tween":true,"target":3,"key":"alpha","index":0},{"value":0.5,"tweenMethod":"linearNone","tween":true,"target":3,"key":"alpha","index":5},{"value":0.8,"tweenMethod":"linearNone","tween":true,"target":3,"label":null,"key":"alpha","index":10}]}}],"name":"ani1","id":1,"frameRate":24,"action":0}],"loadList":["monsterAni/20034/hongdian.png"],"loadList3D":[]}