{"type":"View","props":{"width":220,"height":270},"compId":2,"child":[{"type":"Image","props":{"y":220,"x":110,"skin":"battlescene/ying.png","anchorY":0.5,"anchorX":0.5},"compId":6},{"type":"Image","props":{"y":110,"x":40,"skin":"battlescene/fazhen.png"},"compId":3},{"type":"Box","props":{"y":99,"x":40},"compId":7,"child":[{"type":"Image","props":{"skin":"battlescene/gongjishi.png"},"compId":4},{"type":"Image","props":{"skin":"battlescene/gongjiguang.png","blendMode":"lighter"},"compId":5}]}],"animations":[{"nodes":[{"target":7,"keyframes":{"y":[{"value":99,"tweenMethod":"linearNone","tween":true,"target":7,"key":"y","index":0},{"value":92,"tweenMethod":"linearNone","tween":true,"target":7,"key":"y","index":25},{"value":99,"tweenMethod":"linearNone","tween":true,"target":7,"key":"y","index":50}]}},{"target":6,"keyframes":{"scaleY":[{"value":1,"tweenMethod":"linearNone","tween":true,"target":6,"key":"scaleY","index":0},{"value":0.7,"tweenMethod":"linearNone","tween":true,"target":6,"key":"scaleY","index":25},{"value":1,"tweenMethod":"linearNone","tween":true,"target":6,"key":"scaleY","index":50}],"scaleX":[{"value":1,"tweenMethod":"linearNone","tween":true,"target":6,"key":"scaleX","index":0},{"value":0.7,"tweenMethod":"linearNone","tween":true,"target":6,"key":"scaleX","index":25},{"value":1,"tweenMethod":"linearNone","tween":true,"target":6,"key":"scaleX","index":50}]}}],"name":"ani1","id":1,"frameRate":60,"action":0}],"loadList":["battlescene/ying.png","battlescene/fazhen.png","battlescene/gongjishi.png","battlescene/gongjiguang.png"],"loadList3D":[]}