{"type":"Dialog","props":{"width":750,"isModal":true,"height":1000},"compId":2,"child":[{"type":"LightView","props":{"y":570,"x":367,"var":"light","anchorY":0.5,"anchorX":0.5,"runtime":"ui.scene.LightViewUI"},"compId":9},{"type":"NBbaoxiang","props":{"y":0,"x":0,"var":"baoxiang","runtime":"ui.scene.NBbaoxiangUI"},"compId":6},{"type":"Image","props":{"y":15,"x":63,"width":624,"skin":"sence/paihangbangdi.png","sizeGrid":"0,165,0,175","height":117},"compId":7},{"type":"Sprite","props":{"y":29.5,"x":292,"texture":"sence/bossjisha.png"},"compId":3}],"loadList":["scene/LightView.scene","scene/NBbaoxiang.scene","sence/paihangbangdi.png","sence/bossjisha.png"],"loadList3D":[]}