{"type":"View","props":{"width":742,"height":742},"compId":2,"child":[{"type":"Sprite","props":{"y":0,"x":0,"texture":"shengli/guangzhuan1.png"},"compId":3},{"type":"Sprite","props":{"y":0,"x":742,"texture":"shengli/guangzhuan1.png","scaleX":-1},"compId":4},{"type":"Sprite","props":{"y":742,"x":0,"texture":"shengli/guangzhuan1.png","scaleY":-1},"compId":5},{"type":"Sprite","props":{"y":742,"x":742,"texture":"shengli/guangzhuan1.png","scaleY":-1,"scaleX":-1},"compId":7}],"loadList":["shengli/guangzhuan1.png"],"loadList3D":[]}