{"type":"View","props":{"width":750,"height":1334},"compId":2,"child":[{"type":"Image","props":{"y":0,"x":0,"var":"bg","skin":"loading/fei.jpg"},"compId":4},{"type":"Image","props":{"width":750,"skin":"loading/shan.png","sizeGrid":"190,0,0,0","height":340,"bottom":0},"compId":14},{"type":"Image","props":{"y":10,"x":10,"skin":"loading/loadzi.png","centerX":0,"bottom":67},"compId":7},{"type":"Box","props":{"y":10,"x":10,"centerX":0,"bottom":25},"compId":8,"child":[{"type":"Text","props":{"x":-0.3310546875,"text":"Powered by LayaAir Engine 2.2.0 beta4","strokeColor":"#000000","stroke":2,"name":"","fontSize":20,"color":"#ffffff","runtime":"laya.display.Text"},"compId":9}]},{"type":"Image","props":{"y":567,"x":375,"width":138,"var":"zhuan","skin":"loading/zhuan.png","scaleY":1.3,"scaleX":1.3,"height":138,"anchorY":0.5,"anchorX":0.5},"compId":10},{"type":"Text","props":{"y":705,"x":324,"text":"加载中","strokeColor":"#000000","stroke":4,"fontSize":40,"color":"#ffffff","runtime":"laya.display.Text"},"compId":13},{"type":"Text","props":{"y":547,"x":312,"width":127,"var":"jindu","text":"99%","strokeColor":"#000000","stroke":4,"height":40,"fontSize":40,"color":"#ffffff","align":"center","runtime":"laya.display.Text"},"compId":18}],"loadList":["loading/fei.jpg","loading/shan.png","loading/loadzi.png","loading/zhuan.png"],"loadList3D":[]}