{"type":"View","props":{"width":750,"height":1334},"compId":2,"child":[{"type":"Image","props":{"y":1138,"x":0,"skin":"loading/shan.png"},"compId":4},{"type":"Clip","props":{"y":1302,"x":-51,"var":"c1","skin":"loading/clip_mapao.png","scaleY":0.5,"scaleX":0.5,"interval":100,"clipY":2,"clipX":3,"autoPlay":true,"anchorY":1,"anchorX":0.5},"compId":5,"child":[{"type":"Clip","props":{"y":189,"x":73,"var":"c2","skin":"loading/clip_huoxing.png","interval":100,"clipY":2,"clipX":3,"autoPlay":true,"anchorY":1,"anchorX":1},"compId":13}]},{"type":"Image","props":{"y":1211.5,"x":91,"skin":"loading/feiguai.png","rotation":-6,"anchorY":0.5,"anchorX":0.5},"compId":7},{"type":"Image","props":{"y":1247,"x":200,"skin":"loading/feiguai.png","rotation":29,"anchorY":0.5,"anchorX":0.5},"compId":8},{"type":"Image","props":{"y":1213.5,"x":329,"skin":"loading/feiguai.png","rotation":-42,"anchorY":0.5,"anchorX":0.5},"compId":9},{"type":"Image","props":{"y":1167,"x":438,"skin":"loading/feiguai.png","rotation":0,"anchorY":0.5,"anchorX":0.5},"compId":10},{"type":"Image","props":{"y":1230,"x":559,"skin":"loading/feiguai.png","rotation":35,"anchorY":0.5,"anchorX":0.5},"compId":11},{"type":"Image","props":{"y":1227,"x":677,"skin":"loading/feiguai.png","rotation":0,"anchorY":0.5,"anchorX":0.5},"compId":12}],"animations":[{"nodes":[{"target":5,"keyframes":{"y":[{"value":1302,"tweenMethod":"linearNone","tween":true,"target":5,"key":"y","index":0},{"value":1241,"tweenMethod":"linearNone","tween":true,"target":5,"key":"y","index":10},{"value":1247,"tweenMethod":"linearNone","tween":true,"target":5,"key":"y","index":17},{"value":1268.5,"tweenMethod":"linearNone","tween":true,"target":5,"key":"y","index":20},{"value":1302,"tweenMethod":"linearNone","tween":true,"target":5,"key":"y","index":26},{"value":1269.5,"tweenMethod":"linearNone","tween":true,"target":5,"key":"y","index":30},{"value":1196.5,"tweenMethod":"linearNone","tween":true,"target":5,"key":"y","index":39},{"value":1204.7727272727273,"tweenMethod":"linearNone","tween":true,"target":5,"key":"y","index":45},{"value":1257.5,"tweenMethod":"linearNone","tween":true,"target":5,"key":"y","index":50},{"value":1299,"tweenMethod":"linearNone","tween":true,"target":5,"key":"y","index":55},{"value":1250.5,"tweenMethod":"linearNone","tween":true,"target":5,"key":"y","index":60},{"value":1313,"tweenMethod":"linearNone","tween":true,"target":5,"key":"y","index":70}],"x":[{"value":-51,"tweenMethod":"linearNone","tween":true,"target":5,"key":"x","index":0},{"value":72,"tweenMethod":"linearNone","tween":true,"target":5,"key":"x","index":10},{"value":153,"tweenMethod":"linearNone","tween":true,"target":5,"key":"x","index":17},{"value":189,"tweenMethod":"linearNone","tween":true,"target":5,"key":"x","index":20},{"value":262,"tweenMethod":"linearNone","tween":true,"target":5,"key":"x","index":26},{"value":550,"tweenMethod":"linearNone","tween":true,"target":5,"key":"x","index":50},{"value":601,"tweenMethod":"linearNone","tween":true,"target":5,"key":"x","index":55},{"value":669,"tweenMethod":"linearNone","tween":true,"target":5,"key":"x","index":60},{"value":801,"tweenMethod":"linearNone","tween":true,"target":5,"key":"x","index":70}],"rotation":[{"value":-29,"tweenMethod":"linearNone","tween":true,"target":5,"key":"rotation","index":0},{"value":-13,"tweenMethod":"linearNone","tween":true,"target":5,"key":"rotation","index":10},{"value":25,"tweenMethod":"linearNone","tween":true,"target":5,"key":"rotation","index":17},{"value":0,"tweenMethod":"linearNone","tween":true,"target":5,"key":"rotation","index":26},{"value":-41,"tweenMethod":"linearNone","tween":true,"target":5,"key":"rotation","index":30},{"value":0,"tweenMethod":"linearNone","tween":true,"target":5,"key":"rotation","index":39},{"value":26,"tweenMethod":"linearNone","tween":true,"target":5,"key":"rotation","index":45},{"value":58,"tweenMethod":"linearNone","tween":true,"target":5,"key":"rotation","index":50},{"value":1,"tweenMethod":"linearNone","tween":true,"target":5,"key":"rotation","index":55},{"value":-32,"tweenMethod":"linearNone","tween":true,"target":5,"key":"rotation","index":57},{"value":0,"tweenMethod":"linearNone","tween":true,"target":5,"key":"rotation","index":60},{"value":35,"tweenMethod":"linearNone","tween":true,"target":5,"key":"rotation","index":63}]}},{"target":7,"keyframes":{"y":[{"value":1211.5,"tweenMethod":"linearNone","tween":true,"target":7,"key":"y","index":0},{"value":1211.5,"tweenMethod":"linearNone","tween":true,"target":7,"label":null,"key":"y","index":10},{"value":871,"tweenMethod":"linearNone","tween":true,"target":7,"key":"y","index":21},{"value":902,"tweenMethod":"linearNone","tween":true,"target":7,"key":"y","index":32}],"x":[{"value":91,"tweenMethod":"linearNone","tween":true,"target":7,"key":"x","index":0},{"value":91,"tweenMethod":"linearNone","tween":true,"target":7,"label":null,"key":"x","index":10},{"value":629,"tweenMethod":"linearNone","tween":true,"target":7,"key":"x","index":21},{"value":930,"tweenMethod":"linearNone","tween":true,"target":7,"key":"x","index":32}],"rotation":[{"value":-6,"tweenMethod":"linearNone","tween":true,"target":7,"key":"rotation","index":0},{"value":-6,"tweenMethod":"linearNone","tween":true,"target":7,"label":null,"key":"rotation","index":10},{"value":360,"tweenMethod":"linearNone","tween":true,"target":7,"key":"rotation","index":32}],"alpha":[{"value":1,"tweenMethod":"linearNone","tween":true,"target":7,"key":"alpha","index":0},{"value":1,"tweenMethod":"linearNone","tween":true,"target":7,"key":"alpha","index":21},{"value":0,"tweenMethod":"linearNone","tween":true,"target":7,"key":"alpha","index":32}]}},{"target":8,"keyframes":{"y":[{"value":1247,"tweenMethod":"linearNone","tween":true,"target":8,"key":"y","index":0},{"value":1247,"tweenMethod":"linearNone","tween":true,"target":8,"label":null,"key":"y","index":18},{"value":797,"tweenMethod":"linearNone","tween":true,"target":8,"key":"y","index":28},{"value":726,"tweenMethod":"linearNone","tween":true,"target":8,"key":"y","index":40}],"x":[{"value":200,"tweenMethod":"linearNone","tween":true,"target":8,"key":"x","index":0},{"value":200,"tweenMethod":"linearNone","tween":true,"target":8,"label":null,"key":"x","index":18},{"value":535,"tweenMethod":"linearNone","tween":true,"target":8,"key":"x","index":28},{"value":930,"tweenMethod":"linearNone","tween":true,"target":8,"key":"x","index":40}],"rotation":[{"value":29,"tweenMethod":"linearNone","tween":true,"target":8,"key":"rotation","index":0},{"value":29,"tweenMethod":"linearNone","tween":true,"target":8,"label":null,"key":"rotation","index":18},{"value":389,"tweenMethod":"linearNone","tween":true,"target":8,"key":"rotation","index":40}],"alpha":[{"value":1,"tweenMethod":"linearNone","tween":true,"target":8,"key":"alpha","index":0},{"value":1,"tweenMethod":"linearNone","tween":true,"target":8,"key":"alpha","index":28},{"value":0,"tweenMethod":"linearNone","tween":true,"target":8,"key":"alpha","index":40}]}},{"target":9,"keyframes":{"y":[{"value":1213.5,"tweenMethod":"linearNone","tween":true,"target":9,"key":"y","index":0},{"value":1213.5,"tweenMethod":"linearNone","tween":true,"target":9,"label":null,"key":"y","index":32},{"value":804,"tweenMethod":"linearNone","tween":true,"target":9,"key":"y","index":40},{"value":947,"tweenMethod":"linearNone","tween":true,"target":9,"key":"y","index":49}],"x":[{"value":329,"tweenMethod":"linearNone","tween":true,"target":9,"key":"x","index":0},{"value":329,"tweenMethod":"linearNone","tween":true,"target":9,"label":null,"key":"x","index":32},{"value":823,"tweenMethod":"linearNone","tween":true,"target":9,"key":"x","index":40},{"value":930,"tweenMethod":"linearNone","tween":true,"target":9,"key":"x","index":49}],"rotation":[{"value":-42,"tweenMethod":"linearNone","tween":true,"target":9,"key":"rotation","index":0},{"value":-42,"tweenMethod":"linearNone","tween":true,"target":9,"label":null,"key":"rotation","index":32},{"value":360,"tweenMethod":"linearNone","tween":true,"target":9,"key":"rotation","index":49}]}},{"target":10,"keyframes":{"y":[{"value":1167,"tweenMethod":"linearNone","tween":true,"target":10,"key":"y","index":0},{"value":1167,"tweenMethod":"linearNone","tween":true,"target":10,"label":null,"key":"y","index":38},{"value":806,"tweenMethod":"linearNone","tween":true,"target":10,"key":"y","index":49}],"x":[{"value":438,"tweenMethod":"linearNone","tween":true,"target":10,"key":"x","index":0},{"value":438,"tweenMethod":"linearNone","tween":true,"target":10,"label":null,"key":"x","index":38},{"value":882,"tweenMethod":"linearNone","tween":true,"target":10,"key":"x","index":49}],"rotation":[{"value":0,"tweenMethod":"linearNone","tween":true,"target":10,"key":"rotation","index":0},{"value":0,"tweenMethod":"linearNone","tween":true,"target":10,"label":null,"key":"rotation","index":38},{"value":360,"tweenMethod":"linearNone","tween":true,"target":10,"key":"rotation","index":49}]}},{"target":11,"keyframes":{"y":[{"value":1230,"tweenMethod":"linearNone","tween":true,"target":11,"key":"y","index":0},{"value":1230,"tweenMethod":"linearNone","tween":true,"target":11,"label":null,"key":"y","index":47},{"value":1002,"tweenMethod":"linearNone","tween":true,"target":11,"key":"y","index":59}],"x":[{"value":559,"tweenMethod":"linearNone","tween":true,"target":11,"key":"x","index":0},{"value":559,"tweenMethod":"linearNone","tween":true,"target":11,"label":null,"key":"x","index":47},{"value":988,"tweenMethod":"linearNone","tween":true,"target":11,"key":"x","index":59}],"rotation":[{"value":35,"tweenMethod":"linearNone","tween":true,"target":11,"key":"rotation","index":0},{"value":35,"tweenMethod":"linearNone","tween":true,"target":11,"label":null,"key":"rotation","index":47},{"value":400,"tweenMethod":"linearNone","tween":true,"target":11,"key":"rotation","index":59}]}},{"target":12,"keyframes":{"y":[{"value":1227,"tweenMethod":"linearNone","tween":true,"target":12,"key":"y","index":0},{"value":1227,"tweenMethod":"linearNone","tween":true,"target":12,"label":null,"key":"y","index":59},{"value":1057,"tweenMethod":"linearNone","tween":true,"target":12,"key":"y","index":69}],"x":[{"value":677,"tweenMethod":"linearNone","tween":true,"target":12,"key":"x","index":0},{"value":677,"tweenMethod":"linearNone","tween":true,"target":12,"label":null,"key":"x","index":59},{"value":1101,"tweenMethod":"linearNone","tween":true,"target":12,"key":"x","index":69}],"rotation":[{"value":0,"tweenMethod":"linearNone","tween":true,"target":12,"key":"rotation","index":0},{"value":0,"tweenMethod":"linearNone","tween":true,"target":12,"label":null,"key":"rotation","index":59},{"value":360,"tweenMethod":"linearNone","tween":true,"target":12,"key":"rotation","index":69}]}}],"name":"ani1","id":1,"frameRate":24,"action":0}],"loadList":["loading/shan.png","loading/clip_mapao.png","loading/clip_huoxing.png","loading/feiguai.png"],"loadList3D":[]}