{"type":"View","props":{},"compId":2,"child":[{"type":"Image","props":{"y":0,"x":0,"var":"guang","skin":"mainscene/fuben3_1.png","scaleY":1.2,"scaleX":1.2,"blendMode":"lighter"},"compId":10},{"type":"Box","props":{"y":110,"x":50,"var":"huo1","scaleY":1.2,"scaleX":1.2},"compId":8,"child":[{"type":"Sprite","props":{"y":55,"x":9,"width":34,"texture":"mainscene/huopenpen.png","rotation":0,"height":26},"compId":5},{"type":"Clip","props":{"width":64,"var":"yan1","skin":"mainscene/clip_huoyan.png","scaleY":0.8,"scaleX":0.8,"height":88,"clipY":2,"clipX":4},"compId":4}]},{"type":"Box","props":{"y":130,"x":107,"var":"huo2","scaleY":1.2,"scaleX":1.2},"compId":9,"child":[{"type":"Sprite","props":{"y":55,"x":9,"texture":"mainscene/huopenpen.png"},"compId":6},{"type":"Clip","props":{"width":64,"var":"yan2","skin":"mainscene/clip_huoyan.png","scaleY":0.8,"scaleX":0.8,"height":88,"clipY":2,"clipX":4},"compId":7}]}],"animations":[{"nodes":[{"target":10,"keyframes":{"alpha":[{"value":0.6,"tweenMethod":"linearNone","tween":true,"target":10,"key":"alpha","index":0},{"value":0.1,"tweenMethod":"linearNone","tween":true,"target":10,"key":"alpha","index":7},{"value":0.6,"tweenMethod":"linearNone","tween":true,"target":10,"key":"alpha","index":14},{"value":0.2,"tweenMethod":"linearNone","tween":true,"target":10,"key":"alpha","index":23},{"value":0.6,"tweenMethod":"linearNone","tween":true,"target":10,"key":"alpha","index":30}]}},{"target":7,"keyframes":{"interval":[{"value":100,"tweenMethod":"linearNone","tween":true,"target":7,"key":"interval","index":0}],"autoPlay":[{"value":true,"tweenMethod":"linearNone","tween":false,"target":7,"key":"autoPlay","index":0}]}},{"target":4,"keyframes":{"interval":[{"value":100,"tweenMethod":"linearNone","tween":true,"target":4,"key":"interval","index":0}],"autoPlay":[{"value":true,"tweenMethod":"linearNone","tween":false,"target":4,"key":"autoPlay","index":0}]}}],"name":"ani1","id":1,"frameRate":24,"action":0}],"loadList":["mainscene/fuben3_1.png","mainscene/huopenpen.png","mainscene/clip_huoyan.png"],"loadList3D":[]}