{"type":"View","props":{"width":750,"height":1800},"compId":2,"child":[{"type":"Image","props":{"skin":"mainscene/daBG.jpg","centerY":0,"centerX":0},"compId":13,"child":[{"type":"Image","props":{"y":1126,"x":376,"width":218,"var":"zhuanImg","skin":"mainscene/chuansongmen.png","height":218,"anchorY":0.5,"anchorX":0.5},"compId":93},{"type":"Button","props":{"y":773.5,"x":386,"width":304,"var":"stage2","stateNum":1,"skin":"mainscene/fuben3.png","height":244},"compId":74,"child":[{"type":"MainScene_1","props":{"y":0,"x":-0.9499999999999886,"var":"Stage2Mv","runtime":"ui.scene.MainScene_1UI"},"compId":101},{"type":"Image","props":{"y":46.5,"x":52,"width":200,"skin":"sence/fuben1biao.png","sizeGrid":"0,20,0,28","height":47},"compId":83,"child":[{"type":"Sprite","props":{"y":5,"x":46.5,"texture":"sence/diwanglingmu.png"},"compId":84}]},{"type":"Poly","props":{"y":27,"x":0,"renderType":"hit","points":"15,154,69,-7,262,14,300,160,210,210","lineWidth":1,"lineColor":"#ff0000","fillColor":"#00ffff"},"compId":97}]},{"type":"Button","props":{"y":950,"x":229,"var":"stage1","stateNum":1,"skin":"mainscene/fuben1.png"},"compId":75,"child":[{"type":"Poly","props":{"y":18,"x":124,"renderType":"hit","points":"-68,4,32,-18,118,10,158,51,171,85,165,220,-101,221,-117,85,-102,47","lineWidth":1,"lineColor":"#ff0000","fillColor":"#00ffff"},"compId":85},{"type":"Image","props":{"y":52,"x":54.5,"width":200,"skin":"sence/fuben1biao.png","sizeGrid":"0,20,0,28","height":47},"compId":98,"child":[{"type":"Sprite","props":{"y":5,"x":37.5,"texture":"sence/youansenlin.png"},"compId":99}]}]},{"type":"Button","props":{"y":520,"x":498,"stateNum":1,"skin":"mainscene/fuben4.png","disabled":true},"compId":76,"child":[{"type":"Poly","props":{"y":41,"x":18,"renderType":"hit","points":"-3,29,106,-37,146,19,118,183,17,179","lineWidth":1,"lineColor":"#ff0000","fillColor":"#00ffff"},"compId":86},{"type":"Image","props":{"y":41,"x":-3.75,"width":200,"skin":"sence/fuben1biao.png","sizeGrid":"0,20,0,28","height":47},"compId":87,"child":[{"type":"Sprite","props":{"y":4,"x":42,"texture":"sence/tanlandongku.png"},"compId":88}]}]},{"type":"Button","props":{"y":451,"x":76,"stateNum":1,"skin":"mainscene/fuben5.png","disabled":true},"compId":77,"child":[{"type":"Poly","props":{"y":24,"x":3.5,"renderType":"unHit","points":"-6,27,43,-25,157,59,133,195,28,196","lineWidth":1,"lineColor":"#ff0000","fillColor":"#00ffff"},"compId":89}]},{"type":"Button","props":{"y":566.5,"x":269,"width":229,"stateNum":1,"skin":"mainscene/fuben6.png","height":180,"disabled":true},"compId":78,"child":[{"type":"Poly","props":{"y":21.75,"x":33,"renderType":"hit","points":"-1,9,101,10,134,110,-27,106","lineWidth":1,"lineColor":"#ff0000","fillColor":"#00ffff"},"compId":90},{"type":"Image","props":{"y":35,"x":5.25,"width":200,"skin":"sence/fuben1biao.png","sizeGrid":"0,20,0,28","height":47},"compId":91,"child":[{"type":"Sprite","props":{"y":4,"x":42,"texture":"sence/meiyingleyuan.png"},"compId":92}]}]},{"type":"Button","props":{"y":696,"x":88,"width":244,"var":"stage3","stateNum":1,"skin":"mainscene/fuben2.png","height":287},"compId":73,"child":[{"type":"Poly","props":{"y":57.5,"x":13.25,"renderType":"hit","points":"-9,29,141,-69,203,162,37,223,-14,122","lineWidth":1,"lineColor":"#ff0000","fillColor":"#00ffff"},"compId":79},{"type":"Image","props":{"y":34,"x":0,"width":200,"skin":"sence/fuben1biao.png","sizeGrid":"0,20,0,28","height":47},"compId":80,"child":[{"type":"Sprite","props":{"y":9,"x":37.5,"texture":"sence/haidaochengbao.png"},"compId":81}]},{"type":"new","props":{"y":38,"x":213,"visible":false,"name":"newView","runtime":"ui.scene.newUI"},"compId":113},{"type":"Stage3Ani","props":{"y":24.5,"x":21.5,"var":"stage3Ani","runtime":"ui.scene.Stage3AniUI"},"compId":121}]}]},{"type":"Image","props":{"y":451,"width":102,"var":"rightBox","skin":"sence/guanjikuang.png","sizeGrid":"31,22,26,20","right":14,"height":315},"compId":48,"child":[{"type":"Button","props":{"y":25,"x":22.5,"var":"shareBtn","stateNum":1,"skin":"sence/btn_fenxiang.png"},"compId":49},{"type":"Button","props":{"y":119.5,"x":22.5,"visible":false,"var":"signBtn","stateNum":1,"skin":"sence/btn_qiandao.png"},"compId":51},{"type":"Button","props":{"y":123.5,"x":17,"var":"rankBtn","stateNum":1,"skin":"sence/btn_paihang.png"},"compId":52},{"type":"Button","props":{"y":222,"x":22.5,"var":"settingBtn","stateNum":1,"skin":"sence/btn_shezhi.png"},"compId":54}]},{"type":"TimeLogo","props":{"y":180,"var":"timeLogo","right":25,"runtime":"ui.scene.TimeLogoUI"},"compId":70},{"type":"Box","props":{"x":0,"width":750,"var":"bottomBox","height":200,"bottom":160},"compId":71,"child":[{"type":"Button","props":{"y":27,"x":38,"var":"roleBtn","stateNum":1,"skin":"sence/btn_juese.png"},"compId":16,"child":[{"type":"RedPointView","props":{"y":-31,"x":86,"name":"red","runtime":"ui.scene.RedPointViewUI"},"compId":109}]},{"type":"Button","props":{"y":45,"x":224,"var":"Tbtn","stateNum":1,"skin":"sence/btn_baoxiang.png"},"compId":34},{"type":"Button","props":{"y":37,"x":400,"var":"taskBtn","stateNum":1,"skin":"sence/btn_renwu.png"},"compId":103,"child":[{"type":"RedPointView","props":{"y":-40,"x":96,"name":"red","runtime":"ui.scene.RedPointViewUI"},"compId":110},{"type":"new","props":{"y":10,"x":29,"var":"newView","scaleY":0.8,"scaleX":0.8,"runtime":"ui.scene.newUI"},"compId":112}]},{"type":"Button","props":{"y":42,"x":582,"var":"tianFuBtn","stateNum":1,"skin":"sence/tianfu.png"},"compId":104,"child":[{"type":"RedPointView","props":{"y":-50,"x":94,"name":"red","runtime":"ui.scene.RedPointViewUI"},"compId":119},{"type":"new","props":{"y":1,"x":27,"var":"new2","scaleY":0.8,"scaleX":0.8,"runtime":"ui.scene.newUI"},"compId":120}]}]},{"type":"Box","props":{"x":63.5,"var":"topBox","top":90},"compId":72,"child":[{"type":"Sprite","props":{"y":10,"x":232.5,"texture":"sence/qiandi.png"},"compId":41,"child":[{"type":"FontClip","props":{"y":13.5,"x":26,"width":126,"var":"eggFc","value":"999999","spaceX":-4,"skin":"sence/clip_shuzi.png","sheet":"01234 56789","height":28,"align":"center"},"compId":43},{"type":"Sprite","props":{"y":-10,"x":-25,"texture":"sence/dan.png"},"compId":44}]},{"type":"Sprite","props":{"y":10,"x":31.5,"texture":"sence/qiandi.png"},"compId":42,"child":[{"type":"FontClip","props":{"zOrder":100,"y":13.5,"x":26,"width":126,"var":"goldFc","value":"999999","spaceX":-4,"skin":"sence/clip_shuzi.png","sheet":"01234 56789","height":28,"align":"center"},"compId":45},{"type":"Sprite","props":{"y":-1,"x":-31.5,"texture":"sence/jinbi.png"},"compId":46}]}]},{"type":"Button","props":{"y":317,"x":-318,"var":"zhuanBtn","stateNum":1,"skin":"sence/zhuanpan.png"},"compId":116,"child":[{"type":"RedPointView","props":{"y":-35,"x":78,"name":"red","runtime":"ui.scene.RedPointViewUI"},"compId":117},{"type":"new","props":{"y":9,"x":26.5,"scaleY":0.8,"scaleX":0.8,"runtime":"ui.scene.newUI"},"compId":118}]}],"loadList":["mainscene/daBG.jpg","mainscene/chuansongmen.png","mainscene/fuben3.png","scene/MainScene_1.scene","sence/fuben1biao.png","sence/diwanglingmu.png","mainscene/fuben1.png","sence/youansenlin.png","mainscene/fuben4.png","sence/tanlandongku.png","mainscene/fuben5.png","mainscene/fuben6.png","sence/meiyingleyuan.png","mainscene/fuben2.png","sence/haidaochengbao.png","scene/new.scene","scene/Stage3Ani.scene","sence/guanjikuang.png","sence/btn_fenxiang.png","sence/btn_qiandao.png","sence/btn_paihang.png","sence/btn_shezhi.png","scene/TimeLogo.scene","sence/btn_juese.png","scene/RedPointView.scene","sence/btn_baoxiang.png","sence/btn_renwu.png","sence/tianfu.png","sence/qiandi.png","sence/clip_shuzi.png","sence/dan.png","sence/jinbi.png","sence/zhuanpan.png"],"loadList3D":[]}