{"type":"View","props":{"width":750,"height":1334},"compId":2,"child":[{"type":"Image","props":{"y":479,"x":305,"var":"di","skin":"sence/iconhei.png","alpha":1},"compId":3,"child":[{"type":"Image","props":{"y":-1,"x":-2,"var":"kuang","skin":"sence/kuang0.png"},"compId":4},{"type":"Image","props":{"y":-1,"x":-1,"var":"ic","skin":"icons/200001.png"},"compId":5}]},{"type":"Clip","props":{"y":370,"x":187,"visible":true,"var":"clip","skin":"sence/hechengzha.png","scaleY":2,"scaleX":2,"clipY":2,"clipX":4,"autoPlay":true},"compId":6}],"animations":[{"nodes":[{"target":3,"keyframes":{"y":[{"value":699,"tweenMethod":"linearNone","tween":true,"target":3,"key":"y","index":0},{"value":479,"tweenMethod":"linearNone","tween":true,"target":3,"key":"y","index":57}],"x":[{"value":304,"tweenMethod":"linearNone","tween":true,"target":3,"key":"x","index":0},{"value":305,"tweenMethod":"linearNone","tween":true,"target":3,"key":"x","index":57}],"alpha":[{"value":0,"tweenMethod":"linearNone","tween":true,"target":3,"key":"alpha","index":0},{"value":1,"tweenMethod":"linearNone","tween":true,"target":3,"key":"alpha","index":6},{"value":1,"tweenMethod":"linearNone","tween":true,"target":3,"key":"alpha","index":57},{"value":0,"tweenMethod":"linearNone","tween":true,"target":3,"key":"alpha","index":80}]}},{"target":6,"keyframes":{"y":[{"value":433,"tweenMethod":"linearNone","tween":true,"target":6,"key":"y","index":0},{"value":370,"tweenMethod":"linearNone","tween":true,"target":6,"key":"y","index":57}],"x":[{"value":186,"tweenMethod":"linearNone","tween":true,"target":6,"key":"x","index":0},{"value":187,"tweenMethod":"linearNone","tween":true,"target":6,"key":"x","index":57}],"visible":[{"value":false,"tweenMethod":"linearNone","tween":false,"target":6,"key":"visible","index":0},{"value":true,"tweenMethod":"linearNone","tween":false,"target":6,"key":"visible","index":57}],"autoPlay":[{"value":false,"tweenMethod":"linearNone","tween":false,"target":6,"key":"autoPlay","index":0},{"value":false,"tweenMethod":"linearNone","tween":false,"target":6,"key":"autoPlay","index":57}]}}],"name":"ani1","id":1,"frameRate":60,"action":0}],"loadList":["sence/iconhei.png","sence/kuang0.png","icons/200001.png","sence/hechengzha.png"],"loadList3D":[]}