{"type":"Dialog","props":{"width":682,"isModal":true,"height":1200},"compId":2,"child":[{"type":"Box","props":{"y":61,"x":31,"scaleY":0.85,"scaleX":0.85},"compId":28,"child":[{"type":"Image","props":{"y":13,"x":23.5,"width":682,"skin":"sence/kuangBG.png","sizeGrid":"81,70,76,69","height":947},"compId":5},{"type":"Image","props":{"y":84,"x":43.5,"width":643,"skin":"sence/chuangkoubai.png","sizeGrid":"20,23,19,22","height":827},"compId":6},{"type":"LightView","props":{"y":383,"x":370.5,"var":"light","scaleY":1,"scaleX":1,"blendMode":"lighter","anchorY":0.5,"anchorX":0.5,"runtime":"ui.scene.LightViewUI"},"compId":3},{"type":"Image","props":{"y":633,"x":43.5,"width":642,"skin":"sence/baoxiangBG.png","sizeGrid":"28,18,26,20","height":278,"alpha":0.3},"compId":7},{"type":"Image","props":{"y":0,"x":165.5,"skin":"sence/biaotifu.png"},"compId":9},{"type":"Sprite","props":{"y":10,"x":263.5,"texture":"sence/huodewuqi.png"},"compId":10},{"type":"Button","props":{"y":792,"x":279.5,"width":174,"var":"cancelBtn","stateNum":1,"skin":"sence/btn_hong.png","sizeGrid":"23,16,24,17","name":"close","height":94},"compId":11,"child":[{"type":"Sprite","props":{"y":17.5,"x":31.5,"texture":"sence/quxiaoda.png"},"compId":20}]},{"type":"Sprite","props":{"y":137,"x":181.5,"texture":"sence/fazhen.png"},"compId":12},{"type":"Text","props":{"y":433,"x":269.5,"width":206,"var":"gongTxt","text":"攻击力:1000","height":31,"fontSize":32,"color":"#48280f","bold":true,"align":"center","runtime":"laya.display.Text"},"compId":14},{"type":"BagListCell","props":{"y":271,"x":291.5,"var":"c1","runtime":"ui.scene.BagListCellUI"},"compId":15},{"type":"AdBtnView","props":{"y":649,"x":156.5,"var":"v1","runtime":"ui.scene.AdBtnViewUI"},"compId":27}]}],"loadList":["sence/kuangBG.png","sence/chuangkoubai.png","scene/LightView.scene","sence/baoxiangBG.png","sence/biaotifu.png","sence/huodewuqi.png","sence/btn_hong.png","sence/quxiaoda.png","sence/fazhen.png","scene/BagListCell.scene","scene/AdBtnView.scene"],"loadList3D":[]}