{"type":"Dialog","props":{"width":750,"isModal":true,"height":1334},"compId":2,"child":[{"type":"Image","props":{"y":815,"x":374,"skin":"baoxiang/NBguan.png","anchorY":1,"anchorX":0.5},"compId":3},{"type":"Image","props":{"y":815,"x":374,"skin":"baoxiang/NBkai.png","anchorY":1,"anchorX":0.5},"compId":4},{"type":"Image","props":{"y":609,"x":374,"skin":"baoxiang/baoxiangguang.png","blendMode":"lighter","anchorY":1,"anchorX":0.5,"alpha":0.5},"compId":6}],"animations":[{"nodes":[{"target":4,"keyframes":{"y":[{"value":815,"tweenMethod":"linearNone","tween":true,"target":4,"key":"y","index":0},{"value":814,"tweenMethod":"linearNone","tween":true,"target":4,"key":"y","index":9}],"visible":[{"value":false,"tweenMethod":"linearNone","tween":false,"target":4,"key":"visible","index":0},{"value":false,"tweenMethod":"linearNone","tween":false,"target":4,"key":"visible","index":7},{"value":true,"tweenMethod":"linearNone","tween":false,"target":4,"key":"visible","index":9},{"value":true,"tweenMethod":"linearNone","tween":false,"target":4,"key":"visible","index":13}],"skin":[{"value":"baoxiang/NBkai.png","tweenMethod":"linearNone","tween":false,"target":4,"key":"skin","index":0}],"scaleY":[{"value":1,"tweenMethod":"linearNone","tween":true,"target":4,"key":"scaleY","index":0},{"value":1.2,"tweenMethod":"linearNone","tween":true,"target":4,"key":"scaleY","index":11},{"value":1,"tweenMethod":"linearNone","tween":true,"target":4,"key":"scaleY","index":13}],"anchorY":[{"value":1,"tweenMethod":"linearNone","tween":true,"target":4,"key":"anchorY","index":0},{"value":1,"tweenMethod":"linearNone","tween":true,"target":4,"key":"anchorY","index":9}]}},{"target":3,"keyframes":{"visible":[{"value":true,"tweenMethod":"linearNone","tween":false,"target":3,"key":"visible","index":0},{"value":false,"tweenMethod":"linearNone","tween":false,"target":3,"key":"visible","index":9}],"skin":[{"value":"baoxiang/NBguan.png","tweenMethod":"linearNone","tween":false,"target":3,"key":"skin","index":0}],"scaleY":[{"value":1,"tweenMethod":"linearNone","tween":true,"target":3,"key":"scaleY","index":0},{"value":0.8,"tweenMethod":"linearNone","tween":true,"target":3,"key":"scaleY","index":7},{"value":1,"tweenMethod":"linearNone","tween":true,"target":3,"key":"scaleY","index":9}]}},{"target":6,"keyframes":{"skin":[{"value":"baoxiang/baoxiangguang.png","tweenMethod":"linearNone","tween":false,"target":6,"key":"skin","index":0}],"scaleY":[{"value":0,"tweenMethod":"linearNone","tween":true,"target":6,"key":"scaleY","index":0},{"value":0,"tweenMethod":"linearNone","tween":true,"target":6,"key":"scaleY","index":9},{"value":1,"tweenMethod":"linearNone","tween":true,"target":6,"key":"scaleY","index":12}],"scaleX":[{"value":1,"tweenMethod":"linearNone","tween":true,"target":6,"key":"scaleX","index":0},{"value":1,"tweenMethod":"linearNone","tween":true,"target":6,"key":"scaleX","index":12}],"alpha":[{"value":0,"tweenMethod":"linearNone","tween":true,"target":6,"key":"alpha","index":0},{"value":0,"tweenMethod":"linearNone","tween":true,"target":6,"key":"alpha","index":9},{"value":1,"tweenMethod":"linearNone","tween":true,"target":6,"key":"alpha","index":12},{"value":0.5,"tweenMethod":"linearNone","tween":true,"target":6,"key":"alpha","index":16}]}}],"name":"ani1","id":1,"frameRate":60,"action":0}],"loadList":["baoxiang/NBguan.png","baoxiang/NBkai.png","baoxiang/baoxiangguang.png"],"loadList3D":[]}