{"type":"View","props":{},"compId":2,"child":[{"type":"Image","props":{"y":0,"x":0,"skin":"mainscene/new.png","anchorY":0.5,"anchorX":0.5},"compId":3}],"animations":[{"nodes":[{"target":3,"keyframes":{"y":[{"value":0,"tweenMethod":"linearNone","tween":true,"target":3,"key":"y","index":0},{"value":0,"tweenMethod":"linearNone","tween":true,"target":3,"key":"y","index":20},{"value":-50,"tweenMethod":"linearNone","tween":true,"target":3,"key":"y","index":25},{"value":0,"tweenMethod":"linearNone","tween":true,"target":3,"key":"y","index":29},{"value":-25,"tweenMethod":"linearNone","tween":true,"target":3,"key":"y","index":32},{"value":0,"tweenMethod":"linearNone","tween":true,"target":3,"key":"y","index":35},{"value":-10,"tweenMethod":"linearNone","tween":true,"target":3,"key":"y","index":38},{"value":0,"tweenMethod":"linearNone","tween":true,"target":3,"key":"y","index":40}],"scaleY":[{"value":1,"tweenMethod":"linearNone","tween":true,"target":3,"key":"scaleY","index":0},{"value":1,"tweenMethod":"linearNone","tween":true,"target":3,"key":"scaleY","index":20},{"value":1.5,"tweenMethod":"linearNone","tween":true,"target":3,"key":"scaleY","index":25},{"value":1,"tweenMethod":"linearNone","tween":true,"target":3,"key":"scaleY","index":29},{"value":1.2,"tweenMethod":"linearNone","tween":true,"target":3,"key":"scaleY","index":32},{"value":1,"tweenMethod":"linearNone","tween":true,"target":3,"key":"scaleY","index":35},{"value":1.1,"tweenMethod":"linearNone","tween":true,"target":3,"key":"scaleY","index":38},{"value":1,"tweenMethod":"linearNone","tween":true,"target":3,"key":"scaleY","index":40}],"scaleX":[{"value":1,"tweenMethod":"linearNone","tween":true,"target":3,"key":"scaleX","index":0},{"value":1,"tweenMethod":"linearNone","tween":true,"target":3,"key":"scaleX","index":20},{"value":1.5,"tweenMethod":"linearNone","tween":true,"target":3,"key":"scaleX","index":25},{"value":1,"tweenMethod":"linearNone","tween":true,"target":3,"key":"scaleX","index":29},{"value":1.2,"tweenMethod":"linearNone","tween":true,"target":3,"key":"scaleX","index":32},{"value":1,"tweenMethod":"linearNone","tween":true,"target":3,"key":"scaleX","index":35},{"value":1.1,"tweenMethod":"linearNone","tween":true,"target":3,"key":"scaleX","index":38},{"value":1,"tweenMethod":"linearNone","tween":true,"target":3,"key":"scaleX","index":40}]}}],"name":"ani1","id":1,"frameRate":24,"action":0}],"loadList":["mainscene/new.png"],"loadList3D":[]}