{"type":"View","props":{"width":750,"height":1334},"compId":2,"child":[{"type":"Image","props":{"y":0,"x":0,"var":"img1","skin":"newhand/h1.jpg"},"compId":7,"child":[{"type":"Image","props":{"y":1042,"x":116,"skin":"newhand/t1.png"},"compId":11}]},{"type":"Image","props":{"y":0,"x":0,"var":"img2","skin":"newhand/h2.jpg"},"compId":12,"child":[{"type":"Sprite","props":{"y":1007,"x":20.5,"texture":"newhand/t2.png"},"compId":13}]},{"type":"Image","props":{"x":515,"var":"tiaoguo","skin":"newhand/tiaoguo.png","bottom":10},"compId":16}],"loadList":["newhand/h1.jpg","newhand/t1.png","newhand/h2.jpg","newhand/t2.png","newhand/tiaoguo.png"],"loadList3D":[]}