{"type":"View","props":{"width":200,"height":200},"compId":2,"child":[{"type":"Image","props":{"y":200,"x":99,"var":"ying","skin":"player/all/yinying.png","scaleY":1,"scaleX":1,"anchorY":0.5,"anchorX":0.5},"compId":7},{"type":"playerAni","props":{"y":51,"x":38,"var":"player","runtime":"ui.scene.playerAniUI"},"compId":6}],"animations":[{"nodes":[{"target":6,"keyframes":{"y":[{"value":51,"tweenMethod":"linearNone","tween":true,"target":6,"key":"y","index":0},{"value":35,"tweenMethod":"linearNone","tween":true,"target":6,"key":"y","index":5},{"value":51,"tweenMethod":"linearNone","tween":true,"target":6,"key":"y","index":10}]}},{"target":7,"keyframes":{"scaleY":[{"value":1,"tweenMethod":"linearNone","tween":true,"target":7,"key":"scaleY","index":0},{"value":0.8,"tweenMethod":"linearNone","tween":true,"target":7,"key":"scaleY","index":5},{"value":1,"tweenMethod":"linearNone","tween":true,"target":7,"key":"scaleY","index":10}],"scaleX":[{"value":1,"tweenMethod":"linearNone","tween":true,"target":7,"key":"scaleX","index":0},{"value":0.8,"tweenMethod":"linearNone","tween":true,"target":7,"key":"scaleX","index":5},{"value":1,"tweenMethod":"linearNone","tween":true,"target":7,"key":"scaleX","index":10}]}}],"name":"run","id":1,"frameRate":24,"action":0},{"nodes":[],"name":"wait","id":2,"frameRate":24,"action":0}],"loadList":["player/all/yinying.png","scene/playerAni.scene"],"loadList3D":[]}