{"type":"View","props":{"width":200,"height":164},"compId":2,"child":[{"type":"Image","props":{"y":26,"x":-27,"var":"ma","skin":"player/all/500001.png"},"compId":5},{"type":"Box","props":{"y":129,"x":72,"width":119,"var":"ren","scaleY":1,"pivotY":132,"pivotX":60,"height":165},"compId":12,"child":[{"type":"Image","props":{"y":12,"x":33.5,"var":"tou","skin":"player/all/tou.png"},"compId":4},{"type":"Image","props":{"y":-15,"x":13,"var":"kui","skin":"player/all/300020.png"},"compId":6},{"type":"Image","props":{"y":150,"x":38.5,"var":"jia","skin":"player/all/400016.png","anchorY":1,"anchorX":0.5},"compId":7},{"type":"Image","props":{"y":79,"x":73,"var":"wuqi","skin":"player/all/200019.png","anchorY":0.5,"anchorX":0.5},"compId":3,"child":[{"type":"Image","props":{"y":0,"x":0,"var":"guang","skin":"player/all/e200019.png","blendMode":"lighter"},"compId":13}]},{"type":"Image","props":{"y":67,"x":7.5,"var":"shou","skin":"player/all/shou.png","rotation":-9},"compId":8}]}],"animations":[{"nodes":[{"target":5,"keyframes":{"y":[{"value":26,"tweenMethod":"linearNone","tween":true,"target":5,"key":"y","index":0}],"x":[{"value":-27,"tweenMethod":"linearNone","tween":true,"target":5,"key":"x","index":0}]}}],"name":"attack","id":1,"frameRate":24,"action":0},{"nodes":[{"target":12,"keyframes":{"scaleY":[{"value":1,"tweenMethod":"linearNone","tween":true,"target":12,"key":"scaleY","index":0},{"value":1.03,"tweenMethod":"linearNone","tween":true,"target":12,"key":"scaleY","index":20},{"value":1,"tweenMethod":"linearNone","tween":true,"target":12,"key":"scaleY","index":40}]}}],"name":"wait","id":2,"frameRate":60,"action":0},{"nodes":[{"target":12,"keyframes":{"y":[{"value":129,"tweenMethod":"linearNone","tween":true,"target":12,"key":"y","index":0},{"value":74,"tweenMethod":"linearNone","tween":true,"target":12,"key":"y","index":10},{"value":136,"tweenMethod":"linearNone","tween":true,"target":12,"key":"y","index":20}],"x":[{"value":72,"tweenMethod":"linearNone","tween":true,"target":12,"key":"x","index":0},{"value":14.5,"tweenMethod":"linearNone","tween":true,"target":12,"key":"x","index":10},{"value":10.5,"tweenMethod":"linearNone","tween":true,"target":12,"key":"x","index":20}],"rotation":[{"value":0,"tweenMethod":"linearNone","tween":true,"target":12,"key":"rotation","index":0},{"value":-50,"tweenMethod":"linearNone","tween":true,"target":12,"key":"rotation","index":10},{"value":-84,"tweenMethod":"linearNone","tween":true,"target":12,"key":"rotation","index":20}]}},{"target":3,"keyframes":{"y":[{"value":78,"tweenMethod":"linearNone","tween":true,"target":3,"key":"y","index":0},{"value":165,"tweenMethod":"linearNone","tween":true,"target":3,"key":"y","index":10},{"value":312,"tweenMethod":"linearNone","tween":true,"target":3,"key":"y","index":20}],"x":[{"value":73,"tweenMethod":"linearNone","tween":true,"target":3,"key":"x","index":0},{"value":220,"tweenMethod":"linearNone","tween":true,"target":3,"key":"x","index":10},{"value":71.5,"tweenMethod":"linearNone","tween":true,"target":3,"key":"x","index":20}],"rotation":[{"value":0,"tweenMethod":"linearNone","tween":true,"target":3,"key":"rotation","index":0},{"value":186,"tweenMethod":"linearNone","tween":true,"target":3,"key":"rotation","index":10},{"value":296,"tweenMethod":"linearNone","tween":true,"target":3,"key":"rotation","index":15},{"value":439,"tweenMethod":"linearNone","tween":true,"target":3,"key":"rotation","index":20}]}}],"name":"dead","id":3,"frameRate":24,"action":0}],"loadList":["player/all/500001.png","player/all/tou.png","player/all/300020.png","player/all/400016.png","player/all/200019.png","player/all/e200019.png","player/all/shou.png"],"loadList3D":[]}