{"type":"Dialog","props":{"width":675,"isModal":true,"height":600},"compId":2,"child":[{"type":"Image","props":{"y":0,"x":0,"width":675,"skin":"sence/kuangBG.png","sizeGrid":"81,70,76,69","height":600},"compId":9},{"type":"Image","props":{"y":79,"x":12,"width":646,"skin":"sence/chuangkoubai.png","sizeGrid":"20,23,19,22","height":478},"compId":11},{"type":"Image","props":{"y":90,"x":21,"width":630,"skin":"sence/chuangkouzong.png","sizeGrid":"21,26,24,26","height":319},"compId":22},{"type":"Box","props":{"y":151.5,"x":190,"scaleY":1.2,"scaleX":1.2},"compId":3,"child":[{"type":"Sprite","props":{"y":124,"x":-34,"width":289,"texture":"sence/taizi.png","height":72},"compId":4},{"type":"playerAni","props":{"y":29,"x":93,"var":"playerMv","scaleY":0.8,"scaleX":0.8,"runtime":"ui.scene.playerAniUI"},"compId":5},{"type":"Sprite","props":{"y":138,"x":78.5,"width":124,"texture":"player/yinying.png","height":25},"compId":6},{"type":"Sprite","props":{"y":143,"x":13,"width":62,"texture":"player/yinying.png","height":13},"compId":7},{"type":"Image","props":{"y":91,"x":10,"var":"petImg","skin":"icons/600005.png","scaleY":0.8,"scaleX":0.8},"compId":8}]},{"type":"Button","props":{"y":17,"x":607,"var":"closeBtn","stateNum":1,"skin":"sence/btn_guanbi.png","name":"close"},"compId":10},{"type":"Sprite","props":{"y":-13,"x":135,"texture":"sence/biaotifu.png"},"compId":12,"child":[{"type":"Sprite","props":{"y":8,"x":167.5,"texture":"sence/biaoti_juese.png"},"compId":13}]},{"type":"Image","props":{"y":425,"x":62,"var":"e0","skin":"sence/kuang0.png"},"compId":14,"child":[{"type":"Image","props":{"skin":"icons/300004.png","centerY":0,"centerX":0},"compId":18}]},{"type":"Image","props":{"y":425,"x":202,"var":"e1","skin":"sence/kuang0.png"},"compId":15,"child":[{"type":"Image","props":{"skin":"icons/300004.png","centerY":0,"centerX":0},"compId":19}]},{"type":"Image","props":{"y":425,"x":342,"var":"e2","skin":"sence/kuang0.png"},"compId":16,"child":[{"type":"Image","props":{"skin":"icons/300004.png","centerY":0,"centerX":0},"compId":20}]},{"type":"Image","props":{"y":425,"x":482,"var":"e3","skin":"sence/kuang0.png"},"compId":17,"child":[{"type":"Image","props":{"skin":"icons/300004.png","centerY":0,"centerX":0},"compId":21}]},{"type":"Text","props":{"y":108,"x":152.5,"width":365,"var":"nameText","text":"起码合成冲","height":41,"fontSize":40,"color":"#ffffff","align":"center","runtime":"laya.display.Text"},"compId":23}],"loadList":["sence/kuangBG.png","sence/chuangkoubai.png","sence/chuangkouzong.png","sence/taizi.png","scene/playerAni.scene","player/yinying.png","icons/600005.png","sence/btn_guanbi.png","sence/biaotifu.png","sence/biaoti_juese.png","sence/kuang0.png","icons/300004.png"],"loadList3D":[]}