{"type":"Dialog","props":{"width":750,"isShowEffect":false,"isModal":true,"height":1200},"compId":2,"child":[{"type":"Image","props":{"y":94,"x":37,"width":677,"skin":"sence/kuangBG.png","sizeGrid":"81,70,76,69","height":938},"compId":3},{"type":"Image","props":{"y":115,"width":643,"skin":"sence/chuangkoubai.png","sizeGrid":"20,23,19,22","height":818,"centerX":-1},"compId":4},{"type":"Image","props":{"y":30,"width":761,"skin":"sence/paihangbangdi.png","sizeGrid":"0,169,0,178","height":117,"centerX":3},"compId":5,"child":[{"type":"Image","props":{"y":7,"skin":"rank/paihangbangzi.png","centerX":0},"compId":6}]},{"type":"Button","props":{"y":937,"x":73,"width":80,"stateNum":1,"skin":"sence/btn_guanbi.png","name":"close","height":80},"compId":7},{"type":"Tab","props":{"y":162,"x":70.5,"var":"tab","stateNum":2,"skin":"sence/tab_huang.png","selectedIndex":0,"labels":","},"compId":11},{"type":"Image","props":{"y":209,"x":66,"width":618,"skin":"sence/paihangbanBG.png","sizeGrid":"20,26,22,25","height":710},"compId":8},{"type":"WXOpenDataViewer","props":{"y":213,"x":70,"width":610,"var":"wxopen","iconSign":"wx","height":800,"runtime":"laya.ui.WXOpenDataViewer"},"compId":9},{"type":"Sprite","props":{"y":168,"x":98,"texture":"rank/haoyou.png","mouseEnabled":false},"compId":12},{"type":"Sprite","props":{"y":169,"x":217,"texture":"rank/shijie.png","mouseEnabled":false},"compId":13},{"type":"List","props":{"y":214,"x":72,"width":604,"var":"list","spaceY":5,"repeatX":1,"height":700},"compId":14,"child":[{"type":"RankCell","props":{"y":0,"x":0,"renderType":"render","runtime":"ui.scene.RankCellUI"},"compId":15}]},{"type":"Text","props":{"y":953,"x":434,"width":249,"var":"myText","text":"当前排名:未上榜","height":40,"fontSize":30,"color":"#ffffff","align":"right","runtime":"laya.display.Text"},"compId":16}],"loadList":["sence/kuangBG.png","sence/chuangkoubai.png","sence/paihangbangdi.png","rank/paihangbangzi.png","sence/btn_guanbi.png","sence/tab_huang.png","sence/paihangbanBG.png","rank/haoyou.png","rank/shijie.png","scene/RankCell.scene"],"loadList3D":[]}