{"type":"View","props":{"width":604,"height":91},"compId":2,"child":[{"type":"Image","props":{"y":0,"x":0,"width":604,"var":"bg","skin":"rank/paiminglv.png","sizeGrid":"21,40,18,38","height":91},"compId":4},{"type":"Image","props":{"y":4,"x":6,"width":592,"var":"di","skin":"rank/paimingBG.png","sizeGrid":"18,88,12,88","height":83},"compId":3},{"type":"FontClip","props":{"y":21,"x":391,"width":125,"var":"jifen","value":"11","skin":"rank/clip_shuzi.png","sheet":"1234 5678 90-+","height":51,"align":"right"},"compId":5},{"type":"FontClip","props":{"y":21,"x":-11,"width":125,"var":"mingci","value":"11","skin":"rank/clip_shuzi.png","sheet":"1234 5678 90-+","height":51,"align":"center"},"compId":6},{"type":"Image","props":{"y":12.5,"x":20,"var":"title","skin":"rank/jinpai.png"},"compId":7},{"type":"Text","props":{"y":27,"x":184,"width":211,"var":"mingzi","text":"骑马合成冲","strokeColor":"#000000","stroke":2,"height":39,"fontSize":30,"color":"#ffffff","runtime":"laya.display.Text"},"compId":8},{"type":"Image","props":{"y":20.5,"x":111,"width":50,"var":"img","height":50},"compId":11}],"loadList":["rank/paiminglv.png","rank/paimingBG.png","rank/clip_shuzi.png","rank/jinpai.png"],"loadList3D":[]}