{"type":"View","props":{"width":33,"height":64},"compId":2,"child":[{"type":"Image","props":{"y":0,"x":0,"skin":"sence/hongtan.png"},"compId":3}],"animations":[{"nodes":[{"target":3,"keyframes":{"visible":[{"value":true,"tweenMethod":"linearNone","tween":false,"target":3,"key":"visible","index":0},{"value":false,"tweenMethod":"linearNone","tween":false,"target":3,"key":"visible","index":5},{"value":true,"tweenMethod":"linearNone","tween":false,"target":3,"key":"visible","index":10},{"value":false,"tweenMethod":"linearNone","tween":false,"target":3,"key":"visible","index":15},{"value":true,"tweenMethod":"linearNone","tween":false,"target":3,"key":"visible","index":20},{"value":false,"tweenMethod":"linearNone","tween":false,"target":3,"key":"visible","index":25}]}}],"name":"ani1","id":1,"frameRate":24,"action":0}],"loadList":["sence/hongtan.png"],"loadList3D":[]}