{"type":"Dialog","props":{"width":675,"isModal":true,"height":1200},"compId":2,"child":[{"type":"Image","props":{"y":15,"x":0,"width":675,"skin":"sence/kuangBG.png","sizeGrid":"81,70,76,69","height":1152},"compId":4},{"type":"Image","props":{"y":94,"x":12,"width":644,"skin":"sence/chuangkoubai.png","sizeGrid":"20,23,19,22","height":982},"compId":5},{"type":"Image","props":{"y":107,"x":24,"width":619,"skin":"sence/chuangkouzong.png","sizeGrid":"21,26,24,26","height":226},"compId":7},{"type":"Image","props":{"y":338,"x":25,"width":615,"skin":"sence/chuangkouzong2.png","sizeGrid":"16,22,17,19","height":131},"compId":8},{"type":"Image","props":{"y":342,"x":30,"width":123,"var":"selectImg","skin":"sence/meiyoukuang.png","height":123},"compId":9,"child":[{"type":"Image","props":{"var":"logoImg","skin":"icons/200003.png","centerY":0,"centerX":0},"compId":77}]},{"type":"Sprite","props":{"y":347,"x":156,"texture":"sence/toukuang.png"},"compId":10},{"type":"Sprite","props":{"y":348,"x":221,"texture":"sence/toukuang.png"},"compId":11},{"type":"Sprite","props":{"y":347,"x":285,"texture":"sence/toukuang.png"},"compId":12},{"type":"Sprite","props":{"y":347,"x":349,"texture":"sence/toukuang.png"},"compId":13},{"type":"Sprite","props":{"y":348,"x":413,"texture":"sence/toukuang.png"},"compId":14},{"type":"Button","props":{"y":431,"x":558,"width":160,"var":"equipBtn","stateNum":1,"skin":"sence/btn_lv.png","sizeGrid":"0,18,0,17","height":61,"anchorY":0.5,"anchorX":0.5},"compId":16,"child":[{"type":"Sprite","props":{"y":14,"x":48.5,"var":"zhuanBeiSp","texture":"sence/btnzhuangbei.png"},"compId":25},{"type":"Sprite","props":{"y":16,"x":52.5,"var":"chuZhanSp","texture":"sence/chuzhan.png"},"compId":123}]},{"type":"Sprite","props":{"y":360.5,"x":423.5,"texture":"sence/shengminda.png"},"compId":17},{"type":"Sprite","props":{"y":354.5,"x":357.5,"texture":"sence/minjieda.png"},"compId":18},{"type":"Sprite","props":{"y":358,"x":298,"texture":"sence/fangyuda.png"},"compId":19},{"type":"Sprite","props":{"y":352,"x":224,"texture":"sence/baojida.png"},"compId":20},{"type":"Sprite","props":{"y":357.5,"x":168.5,"texture":"sence/gongjida.png"},"compId":21},{"type":"Button","props":{"y":1081,"x":474,"width":144,"var":"zhengliBtn","stateNum":1,"skin":"sence/btn_huang.png","sizeGrid":"0,18,0,18","height":61},"compId":22,"child":[{"type":"Sprite","props":{"y":12.5,"x":42,"texture":"sence/btnzhengli.png"},"compId":23}]},{"type":"Image","props":{"y":117,"x":337,"width":282,"skin":"sence/chuangkouzong2.png","sizeGrid":"28,27,23,32","height":38},"compId":40},{"type":"Image","props":{"y":158,"x":337,"width":282,"skin":"sence/chuangkouzong2.png","sizeGrid":"28,27,23,32","height":38},"compId":41},{"type":"Image","props":{"y":200,"x":337,"width":282,"skin":"sence/chuangkouzong2.png","sizeGrid":"28,27,23,32","height":38},"compId":42},{"type":"Image","props":{"y":241,"x":337,"width":282,"skin":"sence/chuangkouzong2.png","sizeGrid":"28,27,23,32","height":38},"compId":43},{"type":"Image","props":{"y":282,"x":337,"width":282,"skin":"sence/chuangkouzong2.png","sizeGrid":"28,27,23,32","height":38},"compId":44},{"type":"Sprite","props":{"y":154,"x":342.5,"texture":"sence/baoji.png"},"compId":26},{"type":"Sprite","props":{"y":118,"x":344,"texture":"sence/gongji.png"},"compId":27},{"type":"Sprite","props":{"y":200,"x":344,"texture":"sence/fangyu.png"},"compId":28},{"type":"Sprite","props":{"y":239,"x":341,"texture":"sence/minjie.png"},"compId":29},{"type":"Sprite","props":{"y":282,"x":344,"texture":"sence/shengmin.png"},"compId":30},{"type":"Text","props":{"y":125,"x":469,"var":"label0","text":"20000","fontSize":22,"color":"#ff5252","runtime":"laya.display.Text"},"compId":49},{"type":"Text","props":{"y":166,"x":469,"var":"label1","text":"20000","fontSize":22,"color":"#ffde44","runtime":"laya.display.Text"},"compId":50},{"type":"Text","props":{"y":207,"x":469,"var":"label2","text":"20000","fontSize":22,"color":"#8eceff","runtime":"laya.display.Text"},"compId":51},{"type":"Text","props":{"y":248,"x":469,"var":"label3","text":"20000","fontSize":22,"color":"#c974ff","runtime":"laya.display.Text"},"compId":52},{"type":"Text","props":{"y":288,"x":469,"var":"label4","text":"20000","fontSize":22,"color":"#9efa3a","runtime":"laya.display.Text"},"compId":53},{"type":"Text","props":{"y":412,"x":156,"width":62,"var":"l1","valign":"middle","text":"2000","height":38,"fontSize":22,"color":"#ff5252","align":"center","runtime":"laya.display.Text"},"compId":54},{"type":"Text","props":{"y":414,"x":225,"width":49,"var":"l2","valign":"middle","text":"2000","height":33,"fontSize":22,"color":"#ffde44","align":"center","runtime":"laya.display.Text"},"compId":55},{"type":"Text","props":{"y":413,"x":284,"width":62,"var":"l3","valign":"middle","text":"2000","height":35,"fontSize":22,"color":"#8eceff","align":"center","runtime":"laya.display.Text"},"compId":56},{"type":"Text","props":{"y":411,"x":349,"width":63,"var":"l4","valign":"middle","text":"2000","height":40,"fontSize":22,"color":"#c974ff","align":"center","runtime":"laya.display.Text"},"compId":57},{"type":"Text","props":{"y":415,"x":413,"width":59,"var":"l5","valign":"middle","text":"2000","height":32,"fontSize":22,"color":"#9efa3a","align":"center","runtime":"laya.display.Text"},"compId":58},{"type":"Box","props":{"var":"heibox","top":0,"right":0,"left":0,"bottom":0,"bgColor":"#000000","alpha":0.7},"compId":86},{"type":"Box","props":{"y":343,"x":34,"var":"sellBox","mouseThrough":true},"compId":81,"child":[{"type":"Button","props":{"y":29,"x":523,"width":160,"var":"sellBtn","stateNum":1,"skin":"sence/btn_hong.png","sizeGrid":"0,18,0,17","height":60,"anchorY":0.5,"anchorX":0.5},"compId":15,"child":[{"type":"Image","props":{"var":"btnLabelImg","skin":"sence/btnfanmai.png","centerY":-1,"centerX":-1},"compId":24},{"type":"Box","props":{"y":13,"x":11,"var":"sellpricebox"},"compId":95,"child":[{"type":"FontClip","props":{"y":4,"x":61,"var":"priceFc","value":"99998","spaceX":-5,"skin":"sence/clip_shuzi.png","sheet":"01234 56789","align":"left"},"compId":93},{"type":"Image","props":{"y":0,"x":0,"var":"chushouImage","skin":"sence/chushou.png"},"compId":94}]}]},{"type":"Image","props":{"y":181,"x":-10.5,"width":617,"skin":"sence/chuangkoumiaobian.png","sizeGrid":"22,28,16,24","height":546},"compId":87},{"type":"Tab","props":{"y":134,"var":"tab","stateNum":2,"skin":"sence/tab_huang.png","selectedIndex":0,"labels":",,,,"},"compId":60},{"type":"Sprite","props":{"y":141,"x":36,"texture":"sence/tabwuqi.png"},"compId":64},{"type":"Sprite","props":{"y":143,"x":150,"texture":"sence/tabtoukui.png"},"compId":65},{"type":"Sprite","props":{"y":143,"x":275.5,"texture":"sence/tabkuijia.png"},"compId":66},{"type":"Sprite","props":{"y":141,"x":388,"texture":"sence/tabzuoqi.png"},"compId":67},{"type":"List","props":{"y":186,"x":-1,"width":587,"var":"list","spaceY":-20,"selectEnable":true,"repeatY":4,"repeatX":4,"height":545},"compId":70,"child":[{"type":"BagListCell","props":{"y":0,"x":0,"renderType":"render","runtime":"ui.scene.BagListCellUI"},"compId":76}]},{"type":"hongtan","props":{"y":99,"x":82,"var":"v0","runtime":"ui.scene.hongtanUI"},"compId":110},{"type":"hongtan","props":{"y":98,"x":202,"var":"v1","runtime":"ui.scene.hongtanUI"},"compId":111},{"type":"hongtan","props":{"y":99,"x":324,"var":"v2","runtime":"ui.scene.hongtanUI"},"compId":112},{"type":"hongtan","props":{"y":99,"x":446,"var":"v3","runtime":"ui.scene.hongtanUI"},"compId":113},{"type":"hongtan","props":{"y":99,"x":556,"var":"v4","runtime":"ui.scene.hongtanUI"},"compId":115},{"type":"Sprite","props":{"y":143,"x":506,"texture":"sence/tabchongwu.png"},"compId":127}]},{"type":"Text","props":{"y":1101.5,"x":120.97802734375,"var":"gailvlabel","text":"下一级合成成功率：50%","fontSize":26,"color":"#b7af9e","runtime":"laya.display.Text"},"compId":97},{"type":"Box","props":{"y":90,"x":48,"scaleY":1.2,"scaleX":1.2},"compId":101,"child":[{"type":"Sprite","props":{"y":109,"x":3,"width":209,"texture":"sence/taizi.png","height":87},"compId":48},{"type":"playerAni","props":{"y":24,"x":92,"var":"playerMv","scaleY":0.8,"scaleX":0.8,"runtime":"ui.scene.playerAniUI"},"compId":100},{"type":"Sprite","props":{"y":133,"x":77.5,"width":124,"texture":"player/yinying.png","height":25},"compId":124},{"type":"Sprite","props":{"y":141,"x":14,"width":62,"texture":"player/yinying.png","height":13},"compId":126},{"type":"Image","props":{"y":89,"x":13,"var":"petImg","skin":"player/pet/600001.png","scaleY":0.8,"scaleX":0.8},"compId":125}]},{"type":"Text","props":{"y":125,"x":542,"var":"al0","text":"(+100)","fontSize":22,"color":"#ff5252","runtime":"laya.display.Text"},"compId":102},{"type":"Text","props":{"y":163,"x":542,"var":"al1","text":"(+100)","fontSize":22,"color":"#ff5252","runtime":"laya.display.Text"},"compId":103},{"type":"Text","props":{"y":207,"x":542,"var":"al2","text":"(+100)","fontSize":22,"color":"#ff5252","runtime":"laya.display.Text"},"compId":104},{"type":"Text","props":{"y":247,"x":542,"var":"al3","text":"(+100)","fontSize":22,"color":"#ff5252","runtime":"laya.display.Text"},"compId":105},{"type":"Text","props":{"y":287,"x":542,"var":"al4","text":"(+100)","fontSize":22,"color":"#ff5252","runtime":"laya.display.Text"},"compId":106},{"type":"Sprite","props":{"y":-11,"x":133,"texture":"sence/biaotifu.png"},"compId":107,"child":[{"type":"Sprite","props":{"y":8,"x":167.5,"texture":"sence/biaoti_juese.png"},"compId":108}]},{"type":"Box","props":{"y":347,"x":30,"width":127,"var":"eggBox","height":114},"compId":122,"child":[{"type":"Button","props":{"y":83,"x":61,"width":122,"var":"effBtn","stateNum":1,"skin":"sence/btn_zi.png","sizeGrid":"0,18,0,17","height":57,"anchorY":0.5,"anchorX":0.5},"compId":116,"child":[{"type":"Sprite","props":{"y":11,"x":55,"texture":"sence/zadan.png"},"compId":117},{"type":"Sprite","props":{"y":5,"x":11,"width":38,"texture":"sence/action.png","height":43},"compId":118}]},{"type":"FontClip","props":{"y":13,"x":41,"width":80,"var":"goldFc","value":"123","spaceX":-4,"skin":"sence/clip_shuzi.png","sheet":"01234 56789","scaleY":1,"scaleX":1,"height":24,"align":"center"},"compId":119},{"type":"Sprite","props":{"y":35,"x":5,"width":45,"texture":"player/yinying.png","height":9},"compId":121},{"type":"Sprite","props":{"x":10,"width":34,"texture":"sence/dan.png","height":41},"compId":120}]},{"type":"Button","props":{"y":1079,"x":30.97802734375,"width":80,"var":"closeBtn","stateNum":1,"skin":"sence/btn_guanbi.png","name":"close","height":80},"compId":130}],"loadList":["sence/kuangBG.png","sence/chuangkoubai.png","sence/chuangkouzong.png","sence/chuangkouzong2.png","sence/meiyoukuang.png","icons/200003.png","sence/toukuang.png","sence/btn_lv.png","sence/btnzhuangbei.png","sence/chuzhan.png","sence/shengminda.png","sence/minjieda.png","sence/fangyuda.png","sence/baojida.png","sence/gongjida.png","sence/btn_huang.png","sence/btnzhengli.png","sence/baoji.png","sence/gongji.png","sence/fangyu.png","sence/minjie.png","sence/shengmin.png","sence/btn_hong.png","sence/btnfanmai.png","sence/clip_shuzi.png","sence/chushou.png","sence/chuangkoumiaobian.png","sence/tab_huang.png","sence/tabwuqi.png","sence/tabtoukui.png","sence/tabkuijia.png","sence/tabzuoqi.png","scene/BagListCell.scene","scene/hongtan.scene","sence/tabchongwu.png","sence/taizi.png","scene/playerAni.scene","player/yinying.png","player/pet/600001.png","sence/biaotifu.png","sence/biaoti_juese.png","sence/btn_zi.png","sence/zadan.png","sence/action.png","sence/dan.png","sence/btn_guanbi.png"],"loadList3D":[]}