{"type":"View","props":{},"compId":2,"child":[{"type":"Image","props":{"y":0,"x":0,"skin":"resselectstage/sanjiao.png","anchorY":0.5,"anchorX":0.5},"compId":3}],"animations":[{"nodes":[{"target":3,"keyframes":{"y":[{"value":0,"tweenMethod":"linearNone","tween":true,"target":3,"key":"y","index":0},{"value":-30,"tweenMethod":"linearNone","tween":true,"target":3,"key":"y","index":15},{"value":0,"tweenMethod":"linearNone","tween":true,"target":3,"key":"y","index":30}]}}],"name":"ani1","id":1,"frameRate":24,"action":0}],"loadList":["resselectstage/sanjiao.png"],"loadList3D":[]}