{"type":"Dialog","props":{"width":680,"isModal":true,"height":1200},"compId":2,"child":[{"type":"Box","props":{"y":-17,"x":52,"scaleY":0.85,"scaleX":0.85},"compId":75,"child":[{"type":"Image","props":{"y":12,"width":680,"skin":"resselectstage/kuangBG.png","sizeGrid":"72,59,70,63","height":1165},"compId":3},{"type":"Image","props":{"y":88,"x":17.5,"skin":"resselectstage/mission2.jpg"},"compId":4},{"type":"Box","props":{"y":447,"x":456,"var":"s18"},"compId":12,"child":[{"type":"StageView","props":{"y":6.5,"x":0,"name":"stageview","runtime":"ui.scene.StageViewUI"},"compId":39},{"type":"Image","props":{"y":165,"x":74,"skin":"resselectstage/dian.png"},"compId":40},{"type":"Image","props":{"y":201,"x":84,"skin":"resselectstage/dian.png"},"compId":41},{"type":"Image","props":{"y":232,"x":90,"skin":"resselectstage/dian.png"},"compId":42}]},{"type":"Box","props":{"y":800,"x":200,"var":"s15"},"compId":9,"child":[{"type":"Image","props":{"y":-74,"x":91,"skin":"resselectstage/dian.png"},"compId":24},{"type":"Image","props":{"y":-37,"x":115,"skin":"resselectstage/dian.png"},"compId":25},{"type":"Image","props":{"y":3,"x":128,"skin":"resselectstage/dian.png"},"compId":26},{"type":"StageView","props":{"y":-1,"x":62,"name":"stageview","runtime":"ui.scene.StageViewUI"},"compId":27}]},{"type":"Box","props":{"y":644,"x":479,"var":"s17"},"compId":10,"child":[{"type":"StageView","props":{"y":-1,"x":0,"name":"stageview","runtime":"ui.scene.StageViewUI"},"compId":28},{"type":"Image","props":{"y":218,"x":83,"skin":"resselectstage/dian.png"},"compId":29},{"type":"Image","props":{"y":184,"x":83,"skin":"resselectstage/dian.png"},"compId":31},{"type":"Image","props":{"y":149.5,"x":83,"skin":"resselectstage/dian.png"},"compId":32}]},{"type":"Box","props":{"y":827,"x":487,"var":"s16"},"compId":11,"child":[{"type":"StageView","props":{"y":-1,"x":0,"name":"stageview","runtime":"ui.scene.StageViewUI"},"compId":33},{"type":"Image","props":{"y":131,"x":-142,"skin":"resselectstage/dian.png"},"compId":34},{"type":"Image","props":{"y":161.5,"x":-94,"skin":"resselectstage/dian.png"},"compId":35},{"type":"Image","props":{"y":164.5,"x":-33,"skin":"resselectstage/dian.png"},"compId":37},{"type":"Image","props":{"y":153,"x":21,"skin":"resselectstage/dian.png"},"compId":38}]},{"type":"Box","props":{"y":415,"x":234,"var":"s19"},"compId":14,"child":[{"type":"StageView","props":{"y":-1,"x":0,"name":"stageview","runtime":"ui.scene.StageViewUI"},"compId":47},{"type":"Image","props":{"y":68.5,"x":201,"skin":"resselectstage/dian.png"},"compId":49},{"type":"Image","props":{"y":72.5,"x":158,"skin":"resselectstage/dian.png"},"compId":50},{"type":"Image","props":{"y":86,"x":117,"skin":"resselectstage/dian.png"},"compId":51},{"type":"Image","props":{"y":79,"x":246,"skin":"resselectstage/dian.png"},"compId":64}]},{"type":"Box","props":{"y":277,"x":61,"var":"s21"},"compId":15,"child":[{"type":"StageView","props":{"y":0,"x":74,"name":"stageview","runtime":"ui.scene.StageViewUI"},"compId":52},{"type":"Image","props":{"y":209,"x":26,"skin":"resselectstage/dian.png"},"compId":53},{"type":"Image","props":{"y":252,"x":29,"skin":"resselectstage/dian.png"},"compId":54},{"type":"Image","props":{"y":135.5,"x":89,"skin":"resselectstage/dian.png"},"compId":55},{"type":"Image","props":{"y":165,"x":49,"skin":"resselectstage/dian.png"},"compId":65}]},{"type":"Box","props":{"y":164,"x":193,"var":"s22"},"compId":16,"child":[{"type":"StageView","props":{"y":0,"x":62,"name":"stageview","runtime":"ui.scene.StageViewUI"},"compId":56},{"type":"Image","props":{"y":193,"x":102,"skin":"resselectstage/dian.png"},"compId":57},{"type":"Image","props":{"y":154,"x":117,"skin":"resselectstage/dian.png"},"compId":58},{"type":"Image","props":{"y":216,"x":59,"skin":"resselectstage/dian.png"},"compId":59}]},{"type":"Box","props":{"y":457,"x":62,"var":"s20"},"compId":13,"child":[{"type":"StageView","props":{"y":-1,"x":0,"name":"stageview","runtime":"ui.scene.StageViewUI"},"compId":44},{"type":"Image","props":{"y":115.5,"x":157,"skin":"resselectstage/dian.png"},"compId":45},{"type":"Image","props":{"y":127,"x":113,"skin":"resselectstage/dian.png"},"compId":46},{"type":"Image","props":{"y":95.5,"x":195,"skin":"resselectstage/dian.png"},"compId":62}]},{"type":"Image","props":{"skin":"sence/biaotifu.png","centerX":1},"compId":66,"child":[{"type":"Image","props":{"y":17,"var":"titleimg","skin":"sence/diwanglingmu.png","centerX":0},"compId":67}]},{"type":"Box","props":{"y":600,"x":92,"var":"s14"},"compId":8,"child":[{"type":"Image","props":{"y":198,"x":14,"skin":"resselectstage/dian.png"},"compId":20},{"type":"Image","props":{"y":152,"x":26,"skin":"resselectstage/dian.png"},"compId":21},{"type":"Image","props":{"y":121,"x":59,"skin":"resselectstage/dian.png"},"compId":22},{"type":"StageView","props":{"y":-1,"x":62,"name":"stageview","runtime":"ui.scene.StageViewUI"},"compId":23}]},{"type":"BossStageView","props":{"y":564,"x":312,"var":"s23","runtime":"ui.scene.BossStageViewUI"},"compId":71},{"type":"Box","props":{"y":795,"x":48,"var":"s13"},"compId":7,"child":[{"type":"StageView","props":{"y":-1,"x":0,"name":"stageview","runtime":"ui.scene.StageViewUI"},"compId":19}]},{"type":"BossStageView","props":{"y":215,"x":368,"var":"s24","runtime":"ui.scene.BossStageViewUI"},"compId":72},{"type":"Button","props":{"y":1085,"x":30,"width":80,"var":"closeBtn","stateNum":1,"skin":"sence/btn_guanbi.png","name":"close","height":80},"compId":74}]}],"loadList":["resselectstage/kuangBG.png","resselectstage/mission2.jpg","scene/StageView.scene","resselectstage/dian.png","sence/biaotifu.png","sence/diwanglingmu.png","scene/BossStageView.scene","sence/btn_guanbi.png"],"loadList3D":[]}