{"type":"Dialog","props":{"width":680,"isModal":true,"height":1200},"compId":2,"child":[{"type":"Box","props":{"y":0,"x":50,"scaleY":0.85,"scaleX":0.85},"compId":79,"child":[{"type":"Image","props":{"y":0,"x":0,"width":680,"skin":"resselectstage/kuangBG.png","sizeGrid":"72,59,70,63","height":1186},"compId":4},{"type":"Image","props":{"y":79,"x":18,"skin":"resselectstage/mission1.jpg"},"compId":3},{"type":"Box","props":{"y":793,"x":66,"var":"s1"},"compId":61,"child":[{"type":"StageView","props":{"y":-1,"x":0,"name":"stageview","runtime":"ui.scene.StageViewUI"},"compId":17}]},{"type":"Box","props":{"y":854,"x":180,"var":"s2"},"compId":52,"child":[{"type":"Image","props":{"y":73,"x":0,"skin":"resselectstage/dian.png"},"compId":8},{"type":"Image","props":{"y":89,"x":28,"skin":"resselectstage/dian.png"},"compId":9},{"type":"Image","props":{"y":100,"x":62,"skin":"resselectstage/dian.png"},"compId":10},{"type":"StageView","props":{"y":-1,"x":62,"name":"stageview","runtime":"ui.scene.StageViewUI"},"compId":18}]},{"type":"Box","props":{"y":857,"x":359,"var":"s3"},"compId":53,"child":[{"type":"Image","props":{"y":115,"x":0,"skin":"resselectstage/dian.png"},"compId":13},{"type":"Image","props":{"y":120,"x":35,"skin":"resselectstage/dian.png"},"compId":14},{"type":"Image","props":{"y":120,"x":69,"skin":"resselectstage/dian.png"},"compId":15},{"type":"StageView","props":{"y":-1,"x":62,"name":"stageview","runtime":"ui.scene.StageViewUI"},"compId":19}]},{"type":"Box","props":{"y":442,"x":364,"var":"s5"},"compId":55,"child":[{"type":"StageView","props":{"y":-1,"x":0,"name":"stageview","runtime":"ui.scene.StageViewUI"},"compId":21},{"type":"Image","props":{"y":204,"x":209,"skin":"resselectstage/dian.png"},"compId":32},{"type":"Image","props":{"y":161,"x":203,"skin":"resselectstage/dian.png"},"compId":33},{"type":"Image","props":{"y":134,"x":177,"skin":"resselectstage/dian.png"},"compId":34},{"type":"Image","props":{"y":115,"x":135,"skin":"resselectstage/dian.png"},"compId":35}]},{"type":"Box","props":{"y":627,"x":512,"var":"s4"},"compId":54,"child":[{"type":"StageView","props":{"y":-1,"x":0,"name":"stageview","runtime":"ui.scene.StageViewUI"},"compId":20},{"type":"Image","props":{"y":310,"x":32,"skin":"resselectstage/dian.png"},"compId":27},{"type":"Image","props":{"y":278,"x":54,"skin":"resselectstage/dian.png"},"compId":28},{"type":"Image","props":{"y":242,"x":65,"skin":"resselectstage/dian.png"},"compId":29},{"type":"Image","props":{"y":204,"x":69,"skin":"resselectstage/dian.png"},"compId":30},{"type":"Image","props":{"y":165,"x":70,"skin":"resselectstage/dian.png"},"compId":31}]},{"type":"Box","props":{"y":565,"x":144,"var":"s6"},"compId":56,"child":[{"type":"StageView","props":{"y":6.5,"x":0,"name":"stageview","runtime":"ui.scene.StageViewUI"},"compId":22},{"type":"Image","props":{"y":-1.5,"x":209,"skin":"resselectstage/dian.png"},"compId":36},{"type":"Image","props":{"y":28.5,"x":176,"skin":"resselectstage/dian.png"},"compId":37},{"type":"Image","props":{"y":69.5,"x":165,"skin":"resselectstage/dian.png"},"compId":38},{"type":"Image","props":{"y":106.5,"x":137,"skin":"resselectstage/dian.png"},"compId":39}]},{"type":"Box","props":{"y":234,"x":46,"var":"s8"},"compId":58,"child":[{"type":"StageView","props":{"y":-1,"x":0,"name":"stageview","runtime":"ui.scene.StageViewUI"},"compId":24},{"type":"Image","props":{"y":203,"x":32,"skin":"resselectstage/dian.png"},"compId":44},{"type":"Image","props":{"y":166,"x":38,"skin":"resselectstage/dian.png"},"compId":45}]},{"type":"Box","props":{"y":417,"x":15,"var":"s7"},"compId":57,"child":[{"type":"StageView","props":{"y":-1,"x":0,"name":"stageview","runtime":"ui.scene.StageViewUI"},"compId":23},{"type":"Image","props":{"y":252,"x":126,"skin":"resselectstage/dian.png"},"compId":40},{"type":"Image","props":{"y":217,"x":95,"skin":"resselectstage/dian.png"},"compId":41},{"type":"Image","props":{"y":186,"x":75,"skin":"resselectstage/dian.png"},"compId":42},{"type":"Image","props":{"y":151,"x":64,"skin":"resselectstage/dian.png"},"compId":43}]},{"type":"Box","props":{"y":122,"x":160,"var":"s9"},"compId":59,"child":[{"type":"StageView","props":{"y":0,"x":74,"name":"stageview","runtime":"ui.scene.StageViewUI"},"compId":25},{"type":"Image","props":{"y":166,"x":0,"skin":"resselectstage/dian.png"},"compId":46},{"type":"Image","props":{"y":138,"x":34,"skin":"resselectstage/dian.png"},"compId":47},{"type":"Image","props":{"y":116,"x":74,"skin":"resselectstage/dian.png"},"compId":48}]},{"type":"Box","props":{"y":186,"x":352,"var":"s10"},"compId":60,"child":[{"type":"StageView","props":{"y":0,"x":62,"name":"stageview","runtime":"ui.scene.StageViewUI"},"compId":26},{"type":"Image","props":{"y":47,"x":0,"skin":"resselectstage/dian.png"},"compId":49},{"type":"Image","props":{"y":63,"x":32,"skin":"resselectstage/dian.png"},"compId":50},{"type":"Image","props":{"y":86,"x":62,"skin":"resselectstage/dian.png"},"compId":51}]},{"type":"Image","props":{"y":-9,"skin":"sence/biaotifu.png","centerX":9},"compId":69,"child":[{"type":"Image","props":{"y":17,"skin":"sence/youansenlin.png","centerX":0},"compId":70}]},{"type":"BossStageView","props":{"y":289,"x":172,"var":"s12","runtime":"ui.scene.BossStageViewUI"},"compId":73},{"type":"BossStageView","props":{"y":606,"x":342,"var":"s11","runtime":"ui.scene.BossStageViewUI"},"compId":74},{"type":"Button","props":{"y":1081,"x":18,"width":80,"var":"closeBtn","stateNum":1,"skin":"sence/btn_guanbi.png","name":"close","height":80},"compId":77}]}],"loadList":["resselectstage/kuangBG.png","resselectstage/mission1.jpg","scene/StageView.scene","resselectstage/dian.png","sence/biaotifu.png","sence/youansenlin.png","scene/BossStageView.scene","sence/btn_guanbi.png"],"loadList3D":[]}