{"type":"Dialog","props":{"width":680,"isModal":true,"height":1200},"compId":2,"child":[{"type":"Box","props":{"y":0,"x":48,"scaleY":0.85,"scaleX":0.85},"compId":114,"child":[{"type":"Image","props":{"y":5,"width":680,"skin":"resselectstage/kuangBG.png","sizeGrid":"72,59,70,63","height":1171},"compId":3},{"type":"Image","props":{"y":92,"x":17,"skin":"resselectstage/mission3.jpg"},"compId":4,"child":[{"type":"Box","props":{"y":711,"x":48,"var":"s25"},"compId":61,"child":[{"type":"StageView","props":{"y":-1,"x":0,"name":"stageview","runtime":"ui.scene.StageViewUI"},"compId":71}]},{"type":"Box","props":{"y":525.5,"x":-70,"var":"s26"},"compId":62,"child":[{"type":"Image","props":{"y":268,"x":115,"skin":"resselectstage/dian.png"},"compId":72},{"type":"Image","props":{"y":222,"x":92,"skin":"resselectstage/dian.png"},"compId":73},{"type":"Image","props":{"y":167,"x":94,"skin":"resselectstage/dian.png"},"compId":74},{"type":"StageView","props":{"y":-4.5,"x":61,"name":"stageview","runtime":"ui.scene.StageViewUI"},"compId":75}]},{"type":"Box","props":{"y":645,"x":150,"var":"s27"},"compId":63,"child":[{"type":"Image","props":{"y":-21,"x":-20,"skin":"resselectstage/dian.png"},"compId":76},{"type":"Image","props":{"y":-2,"x":35,"skin":"resselectstage/dian.png"},"compId":77},{"type":"Image","props":{"y":25,"x":76,"skin":"resselectstage/dian.png"},"compId":78},{"type":"StageView","props":{"y":-5,"x":59,"name":"stageview","runtime":"ui.scene.StageViewUI"},"compId":79}]},{"type":"Box","props":{"y":747,"x":486,"var":"s28"},"compId":65,"child":[{"type":"StageView","props":{"y":-1,"x":0,"name":"stageview","runtime":"ui.scene.StageViewUI"},"compId":85},{"type":"Image","props":{"y":64,"x":-199,"skin":"resselectstage/dian.png"},"compId":86},{"type":"Image","props":{"y":109,"x":-170,"skin":"resselectstage/dian.png"},"compId":87},{"type":"Image","props":{"y":146,"x":-111,"skin":"resselectstage/dian.png"},"compId":88},{"type":"Image","props":{"y":147,"x":-45,"skin":"resselectstage/dian.png"},"compId":89},{"type":"Image","props":{"y":131.5,"x":11,"skin":"resselectstage/dian.png"},"compId":90}]},{"type":"Box","props":{"y":418,"x":464,"var":"s29"},"compId":64,"child":[{"type":"StageView","props":{"y":-1,"x":0,"name":"stageview","runtime":"ui.scene.StageViewUI"},"compId":80},{"type":"Image","props":{"y":337,"x":112.5,"skin":"resselectstage/dian.png"},"compId":81},{"type":"Image","props":{"y":279,"x":126.5,"skin":"resselectstage/dian.png"},"compId":82},{"type":"Image","props":{"y":216,"x":137,"skin":"resselectstage/dian.png"},"compId":83},{"type":"Image","props":{"y":157,"x":115,"skin":"resselectstage/dian.png"},"compId":84}]},{"type":"Box","props":{"y":362,"x":224,"var":"s30"},"compId":66,"child":[{"type":"StageView","props":{"y":7,"x":8,"name":"stageview","runtime":"ui.scene.StageViewUI"},"compId":91},{"type":"Image","props":{"y":144,"x":250,"skin":"resselectstage/dian.png"},"compId":92},{"type":"Image","props":{"y":128.5,"x":210,"skin":"resselectstage/dian.png"},"compId":93},{"type":"Image","props":{"y":121.5,"x":166,"skin":"resselectstage/dian.png"},"compId":94},{"type":"Image","props":{"y":116,"x":128,"skin":"resselectstage/dian.png"},"compId":95}]},{"type":"Box","props":{"y":64,"x":14,"var":"s31"},"compId":67,"child":[{"type":"StageView","props":{"y":-1,"x":0,"name":"stageview","runtime":"ui.scene.StageViewUI"},"compId":96},{"type":"Image","props":{"y":203,"x":32,"skin":"resselectstage/dian.png"},"compId":97},{"type":"Image","props":{"y":166,"x":38,"skin":"resselectstage/dian.png"},"compId":98}]},{"type":"Box","props":{"y":262,"x":-11,"var":"s32"},"compId":68,"child":[{"type":"StageView","props":{"y":0,"x":11,"name":"stageview","runtime":"ui.scene.StageViewUI"},"compId":99},{"type":"Image","props":{"y":223,"x":233,"skin":"resselectstage/dian.png"},"compId":100},{"type":"Image","props":{"y":217,"x":173,"skin":"resselectstage/dian.png"},"compId":101},{"type":"Image","props":{"y":194,"x":115,"skin":"resselectstage/dian.png"},"compId":102},{"type":"Image","props":{"y":163,"x":77,"skin":"resselectstage/dian.png"},"compId":103}]},{"type":"Box","props":{"y":117,"x":127,"var":"s33"},"compId":69,"child":[{"type":"StageView","props":{"y":0,"x":74,"name":"stageview","runtime":"ui.scene.StageViewUI"},"compId":104},{"type":"Image","props":{"y":52,"x":13,"skin":"resselectstage/dian.png"},"compId":105},{"type":"Image","props":{"y":52,"x":52,"skin":"resselectstage/dian.png"},"compId":106},{"type":"Image","props":{"y":63.5,"x":90,"skin":"resselectstage/dian.png"},"compId":107}]},{"type":"Box","props":{"y":102,"x":329,"var":"s34"},"compId":70,"child":[{"type":"StageView","props":{"y":0,"x":66,"name":"stageview","runtime":"ui.scene.StageViewUI"},"compId":108},{"type":"Image","props":{"y":237,"x":51,"skin":"resselectstage/dian.png"},"compId":109},{"type":"Image","props":{"y":214,"x":106,"skin":"resselectstage/dian.png"},"compId":110},{"type":"Image","props":{"y":162,"x":128,"skin":"resselectstage/dian.png"},"compId":111},{"type":"Image","props":{"y":218.5,"x":0,"skin":"resselectstage/dian.png"},"compId":112},{"type":"Image","props":{"y":183.5,"x":-38,"skin":"resselectstage/dian.png"},"compId":113}]}]},{"type":"Image","props":{"skin":"sence/biaotifu.png","centerX":0},"compId":15,"child":[{"type":"Image","props":{"y":17,"skin":"sence/haidaochengbao.png","centerX":0},"compId":60}]},{"type":"BossStageView","props":{"y":305,"x":101,"visible":false,"var":"s36","runtime":"ui.scene.BossStageViewUI"},"compId":16},{"type":"BossStageView","props":{"y":670,"x":349,"visible":false,"var":"s35","runtime":"ui.scene.BossStageViewUI"},"compId":17},{"type":"Button","props":{"y":1089,"x":34,"width":80,"var":"closeBtn","stateNum":1,"skin":"sence/btn_guanbi.png","name":"close","height":80},"compId":18}]}],"loadList":["resselectstage/kuangBG.png","resselectstage/mission3.jpg","scene/StageView.scene","resselectstage/dian.png","sence/biaotifu.png","sence/haidaochengbao.png","scene/BossStageView.scene","sence/btn_guanbi.png"],"loadList3D":[]}