{"type":"Dialog","props":{"width":700,"isModal":true,"height":500},"compId":2,"child":[{"type":"Image","props":{"y":0,"x":0,"width":700,"skin":"sence/kuangBG.png","sizeGrid":"81,70,76,69","height":500},"compId":4},{"type":"Image","props":{"y":20,"skin":"sence/biaoti_tishi.png","centerX":0},"compId":3},{"type":"Image","props":{"y":75,"width":668,"skin":"sence/chuangkoubai.png","sizeGrid":"20,23,19,22","height":360,"centerX":0},"compId":5},{"type":"Text","props":{"y":175,"x":177.9892578125,"text":"确定出售选中物品吗?","fontSize":36,"color":"#482910","bold":true,"runtime":"laya.display.Text"},"compId":6},{"type":"Button","props":{"y":314.5,"x":119,"width":150,"var":"cancelBtn","stateNum":1,"skin":"sence/btn_hong.png","sizeGrid":"0,19,0,18","name":"close","height":61},"compId":7,"child":[{"type":"Sprite","props":{"y":15.5,"x":47.5,"texture":"sence/quxiao.png"},"compId":9}]},{"type":"Button","props":{"y":314.5,"x":423,"width":150,"var":"yesBtn","stateNum":1,"skin":"sence/btn_lv.png","sizeGrid":"0,20,0,18","name":"close","height":61},"compId":8,"child":[{"type":"Sprite","props":{"y":15.5,"x":47,"texture":"sence/queding.png"},"compId":10}]}],"loadList":["sence/kuangBG.png","sence/biaoti_tishi.png","sence/chuangkoubai.png","sence/btn_hong.png","sence/quxiao.png","sence/btn_lv.png","sence/queding.png"],"loadList3D":[]}