{"type":"Dialog","props":{"width":700,"isModal":true,"height":485},"compId":2,"child":[{"type":"Image","props":{"x":0,"width":700,"skin":"sence/kuangBG.png","sizeGrid":"81,70,76,69","height":485},"compId":3,"child":[{"type":"Image","props":{"y":72,"width":668,"skin":"sence/chuangkoubai.png","sizeGrid":"20,23,19,22","height":353,"centerX":1},"compId":12},{"type":"Button","props":{"y":231,"x":353,"width":240,"var":"btn2","stateNum":1,"skin":"sence/btn_hong.png","sizeGrid":"0,19,0,18","height":61,"anchorY":0.5,"anchorX":0.5},"compId":14,"child":[{"type":"Image","props":{"y":13.5,"x":62.5,"var":"img2","skin":"setdialog/yinxiaoguan.png"},"compId":30}]},{"type":"Button","props":{"y":41,"x":616,"stateNum":1,"skin":"sence/btn_guanbi.png","name":"close","anchorY":0.5,"anchorX":0.5},"compId":21},{"type":"Button","props":{"y":329,"x":353,"width":239,"var":"yesBtn","stateNum":1,"skin":"sence/btn_lv.png","sizeGrid":"0,20,0,18","height":61,"anchorY":0.5,"anchorX":0.5},"compId":24,"child":[{"type":"Sprite","props":{"y":14.5,"x":67.5,"texture":"setdialog/tuichuzhandou.png"},"compId":26}]},{"type":"Button","props":{"y":132,"x":353,"width":239,"var":"btn1","stateNum":1,"skin":"sence/btn_lv.png","sizeGrid":"0,20,0,18","height":61,"anchorY":0.5,"anchorX":0.5},"compId":27,"child":[{"type":"Image","props":{"y":12.5,"x":64,"var":"img1","skin":"setdialog/shengyinkai.png"},"compId":31}]},{"type":"Sprite","props":{"y":-16,"x":135,"texture":"sence/biaotifu.png"},"compId":35,"child":[{"type":"Image","props":{"y":10,"x":10,"skin":"setdialog/biaoti_shezhi.png","centerX":0},"compId":36}]},{"type":"Text","props":{"y":375,"x":238,"width":234,"var":"idtext","text":"ID:","height":30,"fontSize":30,"color":"#492a0e","align":"center","runtime":"laya.display.Text"},"compId":39},{"type":"Button","props":{"y":132,"x":117,"width":140,"var":"clearBtn","stateNum":1,"skin":"sence/btn_lv.png","sizeGrid":"0,20,0,18","labelSize":30,"label":"清档","height":61,"anchorY":0.5,"anchorX":0.5},"compId":40}]}],"loadList":["sence/kuangBG.png","sence/chuangkoubai.png","sence/btn_hong.png","setdialog/yinxiaoguan.png","sence/btn_guanbi.png","sence/btn_lv.png","setdialog/tuichuzhandou.png","setdialog/shengyinkai.png","sence/biaotifu.png","setdialog/biaoti_shezhi.png"],"loadList3D":[]}