{"type":"Dialog","props":{"width":750,"isModal":true,"height":1334},"compId":2,"child":[{"type":"LightView","props":{"y":370,"x":375,"var":"light","anchorY":0.5,"anchorX":0.5,"runtime":"ui.scene.LightViewUI"},"compId":33},{"type":"Image","props":{"y":322.5,"x":371,"skin":"shengli/qi.png","scaleY":0,"anchorX":0.5},"compId":9},{"type":"Image","props":{"y":370,"x":430,"visible":false,"skin":"shengli/haojiao.png","scaleX":1,"anchorY":0.5,"anchorX":0},"compId":5},{"type":"Image","props":{"y":370,"x":303,"visible":false,"skin":"shengli/haojiao.png","scaleX":-1,"anchorY":0.5,"anchorX":0},"compId":6},{"type":"Image","props":{"y":398,"x":375,"visible":true,"skin":"shengli/shenglibu.png","scaleY":1,"scaleX":0,"anchorY":0.5,"anchorX":0.5},"compId":4},{"type":"Image","props":{"y":383,"x":371,"visible":false,"skin":"shengli/dunpai.png","scaleY":1,"scaleX":1,"anchorY":0.5,"anchorX":0.5,"alpha":1},"compId":7},{"type":"Image","props":{"y":370,"x":375,"visible":false,"skin":"shengli/chengli.png","scaleY":1,"scaleX":1,"anchorY":0.5,"anchorX":0.5},"compId":8},{"type":"Button","props":{"y":688,"x":385,"width":361,"var":"btn1","stateNum":1,"skin":"sence/btn_lv.png","sizeGrid":"24,20,21,17","height":106,"anchorY":0.5,"anchorX":0.5},"compId":13,"child":[{"type":"Sprite","props":{"y":31.5,"x":35,"texture":"sence/shenglilingqu.png"},"compId":21},{"type":"Sprite","props":{"y":19,"x":252,"width":86,"texture":"sence/jinbidai.png","height":70},"compId":24},{"type":"FontClip","props":{"y":34,"x":136.5,"value":"1000","spaceX":-4,"skin":"sence/clip_shuzi.png","sheet":"01234 56789","scaleY":1.6,"scaleX":1.6},"compId":25}]},{"type":"Button","props":{"y":841,"x":384,"width":355,"var":"btn2","stateNum":1,"skin":"sence/btn_zi.png","sizeGrid":"24,17,23,20","height":106,"anchorY":0.5,"anchorX":0.5},"compId":14,"child":[{"type":"Sprite","props":{"y":18,"x":42,"texture":"sence/action.png"},"compId":17},{"type":"chengshi","props":{"y":-61,"x":254,"var":"ten","runtime":"ui.scene.chengshiUI"},"compId":30},{"type":"Image","props":{"y":27.5,"x":115,"skin":"sence/shibeiling.png"},"compId":31}]},{"type":"Button","props":{"y":994,"x":382,"width":355,"var":"btn3","stateNum":1,"skin":"sence/btn_lv.png","sizeGrid":"24,17,23,20","height":106,"anchorY":0.5,"anchorX":0.5},"compId":15,"child":[{"type":"Sprite","props":{"y":29,"x":138,"texture":"sence/fenxiangyouli.png"},"compId":20},{"type":"Sprite","props":{"y":15,"x":44,"texture":"resselectstage/xiaoguan.png","scaleY":0.8,"scaleX":0.8},"compId":35}]},{"type":"Box","props":{"y":318,"x":272,"var":"libox"},"compId":29}],"animations":[{"nodes":[{"target":4,"keyframes":{"visible":[{"value":true,"tweenMethod":"linearNone","tween":false,"target":4,"key":"visible","index":0}],"skin":[{"value":"shengli/shenglibu.png","tweenMethod":"linearNone","tween":false,"target":4,"key":"skin","index":0}],"scaleY":[{"value":1,"tweenMethod":"linearNone","tween":true,"target":4,"key":"scaleY","index":0},{"value":1,"tweenMethod":"linearNone","tween":true,"target":4,"key":"scaleY","index":3}],"scaleX":[{"value":0,"tweenMethod":"linearNone","tween":true,"target":4,"key":"scaleX","index":0},{"value":1.2,"tweenMethod":"linearNone","tween":true,"target":4,"key":"scaleX","index":3},{"value":1,"tweenMethod":"linearNone","tween":true,"target":4,"key":"scaleX","index":5}]}},{"target":6,"keyframes":{"visible":[{"value":false,"tweenMethod":"linearNone","tween":false,"target":6,"key":"visible","index":0},{"value":true,"tweenMethod":"linearNone","tween":false,"target":6,"key":"visible","index":4}],"skin":[{"value":"shengli/haojiao.png","tweenMethod":"linearNone","tween":false,"target":6,"key":"skin","index":0}],"scaleX":[{"value":-1,"tweenMethod":"linearNone","tween":true,"target":6,"key":"scaleX","index":0},{"value":0,"tweenMethod":"linearNone","tween":true,"target":6,"key":"scaleX","index":4},{"value":-1.1,"tweenMethod":"linearNone","tween":true,"target":6,"key":"scaleX","index":6},{"value":-1,"tweenMethod":"linearNone","tween":true,"target":6,"key":"scaleX","index":7}]}},{"target":5,"keyframes":{"visible":[{"value":false,"tweenMethod":"linearNone","tween":false,"target":5,"key":"visible","index":0},{"value":true,"tweenMethod":"linearNone","tween":false,"target":5,"key":"visible","index":6}],"skin":[{"value":"shengli/haojiao.png","tweenMethod":"linearNone","tween":false,"target":5,"key":"skin","index":0}],"scaleX":[{"value":1,"tweenMethod":"linearNone","tween":true,"target":5,"key":"scaleX","index":0},{"value":0,"tweenMethod":"linearNone","tween":true,"target":5,"key":"scaleX","index":6},{"value":1.2,"tweenMethod":"linearNone","tween":true,"target":5,"key":"scaleX","index":8},{"value":1,"tweenMethod":"linearNone","tween":true,"target":5,"key":"scaleX","index":9}]}},{"target":7,"keyframes":{"visible":[{"value":false,"tweenMethod":"linearNone","tween":false,"target":7,"key":"visible","index":0},{"value":true,"tweenMethod":"linearNone","tween":false,"target":7,"key":"visible","index":8}],"skin":[{"value":"shengli/dunpai.png","tweenMethod":"linearNone","tween":false,"target":7,"key":"skin","index":0}],"scaleY":[{"value":1,"tweenMethod":"linearNone","tween":true,"target":7,"key":"scaleY","index":0},{"value":5,"tweenMethod":"linearNone","tween":true,"target":7,"key":"scaleY","index":8},{"value":0.8,"tweenMethod":"linearNone","tween":true,"target":7,"key":"scaleY","index":12},{"value":1,"tweenMethod":"linearNone","tween":true,"target":7,"key":"scaleY","index":14}],"scaleX":[{"value":1,"tweenMethod":"linearNone","tween":true,"target":7,"key":"scaleX","index":0},{"value":5,"tweenMethod":"linearNone","tween":true,"target":7,"key":"scaleX","index":8},{"value":0.8,"tweenMethod":"linearNone","tween":true,"target":7,"key":"scaleX","index":12},{"value":1,"tweenMethod":"linearNone","tween":true,"target":7,"key":"scaleX","index":14}],"alpha":[{"value":1,"tweenMethod":"linearNone","tween":true,"target":7,"key":"alpha","index":0},{"value":0,"tweenMethod":"linearNone","tween":true,"target":7,"key":"alpha","index":8},{"value":1,"tweenMethod":"linearNone","tween":true,"target":7,"key":"alpha","index":12}]}},{"target":8,"keyframes":{"visible":[{"value":false,"tweenMethod":"linearNone","tween":false,"target":8,"key":"visible","index":0},{"value":true,"tweenMethod":"linearNone","tween":false,"target":8,"key":"visible","index":10}],"skin":[{"value":"shengli/chengli.png","tweenMethod":"linearNone","tween":false,"target":8,"key":"skin","index":0}],"scaleY":[{"value":1,"tweenMethod":"linearNone","tween":true,"target":8,"key":"scaleY","index":0},{"value":0,"tweenMethod":"linearNone","tween":true,"target":8,"key":"scaleY","index":10},{"value":1.3,"tweenMethod":"linearNone","tween":true,"target":8,"key":"scaleY","index":15},{"value":0.8,"tweenMethod":"linearNone","tween":true,"target":8,"key":"scaleY","index":18},{"value":0.9,"tweenMethod":"linearNone","tween":true,"target":8,"key":"scaleY","index":20},{"value":1,"tweenMethod":"linearNone","tween":true,"target":8,"key":"scaleY","index":22}],"scaleX":[{"value":1,"tweenMethod":"linearNone","tween":true,"target":8,"key":"scaleX","index":0},{"value":0,"tweenMethod":"linearNone","tween":true,"target":8,"key":"scaleX","index":10},{"value":1.3,"tweenMethod":"linearNone","tween":true,"target":8,"key":"scaleX","index":15},{"value":0.8,"tweenMethod":"linearNone","tween":true,"target":8,"key":"scaleX","index":18},{"value":0.9,"tweenMethod":"linearNone","tween":true,"target":8,"key":"scaleX","index":20},{"value":1,"tweenMethod":"linearNone","tween":true,"target":8,"key":"scaleX","index":22}]}},{"target":9,"keyframes":{"skin":[{"value":"shengli/qi.png","tweenMethod":"linearNone","tween":false,"target":9,"key":"skin","index":0}],"scaleY":[{"value":0,"tweenMethod":"linearNone","tween":true,"target":9,"key":"scaleY","index":0},{"value":0,"tweenMethod":"linearNone","tween":true,"target":9,"key":"scaleY","index":7},{"value":1,"tweenMethod":"linearNone","tween":true,"target":9,"key":"scaleY","index":12}]}}],"name":"ani1","id":1,"frameRate":60,"action":0}],"loadList":["scene/LightView.scene","shengli/qi.png","shengli/haojiao.png","shengli/shenglibu.png","shengli/dunpai.png","shengli/chengli.png","sence/btn_lv.png","sence/shenglilingqu.png","sence/jinbidai.png","sence/clip_shuzi.png","sence/btn_zi.png","sence/action.png","scene/chengshi.scene","sence/shibeiling.png","sence/fenxiangyouli.png","resselectstage/xiaoguan.png"],"loadList3D":[]}