{"type":"View","props":{"width":197,"height":232},"compId":2,"child":[{"type":"Image","props":{"y":95,"x":94.5,"skin":"mainscene/dunpai.png","blendMode":"lighter","anchorY":0.5,"anchorX":0.65},"compId":3}],"animations":[{"nodes":[{"target":3,"keyframes":{"y":[{"value":95,"tweenMethod":"linearNone","tween":true,"target":3,"key":"y","index":0}],"x":[{"value":94.5,"tweenMethod":"linearNone","tween":true,"target":3,"key":"x","index":0}],"scaleY":[{"value":1,"tweenMethod":"linearNone","tween":true,"target":3,"key":"scaleY","index":0},{"value":2,"tweenMethod":"linearNone","tween":true,"target":3,"key":"scaleY","index":15},{"value":2,"tweenMethod":"linearNone","tween":true,"target":3,"label":null,"key":"scaleY","index":35}],"scaleX":[{"value":1,"tweenMethod":"linearNone","tween":true,"target":3,"key":"scaleX","index":0},{"value":2,"tweenMethod":"linearNone","tween":true,"target":3,"key":"scaleX","index":15},{"value":2,"tweenMethod":"linearNone","tween":true,"target":3,"label":null,"key":"scaleX","index":35}],"alpha":[{"value":1,"tweenMethod":"linearNone","tween":true,"target":3,"key":"alpha","index":0},{"value":0.9,"tweenMethod":"linearNone","tween":true,"target":3,"key":"alpha","index":5},{"value":0,"tweenMethod":"linearNone","tween":true,"target":3,"key":"alpha","index":15},{"value":0,"tweenMethod":"linearNone","tween":true,"target":3,"label":null,"key":"alpha","index":35}]}},{"target":2,"keyframes":{"width":[{"value":750,"tweenMethod":"linearNone","tween":true,"target":2,"key":"width","index":0},{"value":197,"tweenMethod":"linearNone","tween":true,"target":2,"key":"width","index":35}],"height":[{"value":500,"tweenMethod":"linearNone","tween":true,"target":2,"key":"height","index":0},{"value":232,"tweenMethod":"linearNone","tween":true,"target":2,"key":"height","index":35}]}}],"name":"ani1","id":1,"frameRate":24,"action":0}],"loadList":["mainscene/dunpai.png"],"loadList3D":[]}