{"type":"View","props":{"width":2250,"height":1456},"compId":2,"child":[{"type":"Sprite","props":{"y":0,"x":0,"texture":"battlescene/bg0.jpg"},"compId":3},{"type":"Sprite","props":{"y":0,"x":750,"texture":"battlescene/bg0.jpg"},"compId":4},{"type":"Sprite","props":{"y":0,"x":1500,"texture":"battlescene/bg0.jpg"},"compId":5},{"type":"Sprite","props":{"y":0,"x":71,"texture":"battlescene/shu1.png"},"compId":6},{"type":"Sprite","props":{"y":0,"x":1264,"texture":"battlescene/shu2.png"},"compId":7}],"loadList":["battlescene/bg0.jpg","battlescene/shu1.png","battlescene/shu2.png"],"loadList3D":[]}