{"type":"View","props":{"width":2250,"height":1456},"compId":2,"child":[{"type":"Sprite","props":{"y":0,"x":0,"texture":"battlescene/bg2.jpg"},"compId":3},{"type":"Sprite","props":{"y":0,"x":750,"texture":"battlescene/bg2.jpg"},"compId":6},{"type":"Sprite","props":{"y":0,"x":1500,"texture":"battlescene/bg2.jpg"},"compId":7},{"type":"Sprite","props":{"y":60,"x":1230,"texture":"battlescene/chuan2.png"},"compId":5},{"type":"Sprite","props":{"y":60,"x":297,"texture":"battlescene/chuan1.png"},"compId":4}],"loadList":["battlescene/bg2.jpg","battlescene/chuan2.png","battlescene/chuan1.png"],"loadList3D":[]}