{"type":"View","props":{"width":150,"height":150},"compId":2,"child":[{"type":"Image","props":{"var":"img1","skin":"resselectstage/xiaoguan.png","centerX":0,"bottom":0},"compId":3},{"type":"Text","props":{"y":96,"x":0,"width":150,"var":"t1","valign":"middle","text":"99","height":42,"fontSize":18,"color":"#ff0000","bold":true,"align":"center","runtime":"laya.display.Text"},"compId":6},{"type":"sanjiao","props":{"y":20,"x":74,"visible":false,"var":"red","runtime":"ui.scene.sanjiaoUI"},"compId":10}],"loadList":["resselectstage/xiaoguan.png","scene/sanjiao.scene"],"loadList3D":[]}