{"type":"View","props":{"width":560,"height":87},"compId":2,"child":[{"type":"Image","props":{"y":0,"x":0,"width":560,"skin":"renwu/dikuang.png","sizeGrid":"22,27,25,33"},"compId":3},{"type":"Text","props":{"y":7,"x":19,"wordWrap":true,"width":404,"var":"t1","valign":"middle","text":"获得任意10件装备","height":74,"fontSize":34,"color":"#482910","bold":true,"align":"left","runtime":"laya.display.Text"},"compId":4},{"type":"Button","props":{"y":5,"x":452,"width":82,"var":"btn","stateNum":1,"skin":"sence/jinbidai.png","height":67},"compId":5,"child":[{"type":"Image","props":{"y":33,"x":42,"var":"lingqu","skin":"renwu/lingquzi.png","mouseEnabled":false,"anchorY":0.5,"anchorX":0.5},"compId":13}]},{"type":"Image","props":{"y":60,"x":441,"var":"wai","skin":"renwu/jindudi.png","sizeGrid":"6,9,6,9","scaleY":1,"scaleX":2},"compId":8,"child":[{"type":"Image","props":{"y":0,"x":0,"var":"nei","skin":"renwu/jindushang.png","sizeGrid":"6,15,6,15"},"compId":9}]},{"type":"FontClip","props":{"y":56,"x":441,"width":44,"var":"fc1","value":"1","spaceX":-3,"skin":"sence/clip_shuzi.png","sheet":"01234 56789","height":24,"align":"right"},"compId":10},{"type":"FontClip","props":{"y":56,"x":503,"width":44,"var":"fc2","value":"5","spaceX":-3,"skin":"sence/clip_shuzi.png","sheet":"01234 56789","height":24,"align":"left"},"compId":11},{"type":"Sprite","props":{"y":54,"x":485,"texture":"sence/xiexian.png"},"compId":12}],"animations":[{"nodes":[{"target":13,"keyframes":{"scaleY":[{"value":1,"tweenMethod":"linearNone","tween":true,"target":13,"key":"scaleY","index":0},{"value":1.2,"tweenMethod":"linearNone","tween":true,"target":13,"key":"scaleY","index":6},{"value":0.9,"tweenMethod":"linearNone","tween":true,"target":13,"key":"scaleY","index":9},{"value":1.1,"tweenMethod":"linearNone","tween":true,"target":13,"key":"scaleY","index":12},{"value":1,"tweenMethod":"linearNone","tween":true,"target":13,"key":"scaleY","index":14},{"value":1,"tweenMethod":"linearNone","tween":true,"target":13,"label":null,"key":"scaleY","index":40}],"scaleX":[{"value":1,"tweenMethod":"linearNone","tween":true,"target":13,"key":"scaleX","index":0},{"value":1.2,"tweenMethod":"linearNone","tween":true,"target":13,"key":"scaleX","index":6},{"value":0.9,"tweenMethod":"linearNone","tween":true,"target":13,"key":"scaleX","index":9},{"value":1.1,"tweenMethod":"linearNone","tween":true,"target":13,"key":"scaleX","index":12},{"value":1,"tweenMethod":"linearNone","tween":true,"target":13,"key":"scaleX","index":14},{"value":1,"tweenMethod":"linearNone","tween":true,"target":13,"label":null,"key":"scaleX","index":40}]}}],"name":"ani1","id":1,"frameRate":24,"action":0}],"loadList":["renwu/dikuang.png","sence/jinbidai.png","renwu/lingquzi.png","renwu/jindudi.png","renwu/jindushang.png","sence/clip_shuzi.png","sence/xiexian.png"],"loadList3D":[]}