{"type":"Dialog","props":{"width":677,"isModal":true,"height":1200},"compId":2,"child":[{"type":"Box","props":{"y":16,"x":52,"scaleY":0.85,"scaleX":0.85},"compId":81,"child":[{"type":"Image","props":{"width":677,"skin":"sence/kuangBG.png","sizeGrid":"81,70,76,69","height":1145},"compId":3,"child":[{"type":"Image","props":{"y":60,"width":643,"skin":"sence/chuangkoubai.png","sizeGrid":"20,23,19,22","height":997,"centerX":1},"compId":4},{"type":"Image","props":{"y":-28,"x":-36.5,"width":725,"skin":"sence/paihangbangdi.png","sizeGrid":"0,171,0,178","height":117},"compId":59,"child":[{"type":"Sprite","props":{"y":0,"x":322,"texture":"renwu/biaoti_renwu.png"},"compId":62}]},{"type":"Button","props":{"y":1060,"x":36,"width":80,"stateNum":1,"skin":"sence/btn_guanbi.png","name":"close","height":80},"compId":60}]},{"type":"Tab","props":{"y":541,"x":50,"var":"tab","stateNum":2,"skin":"sence/tab_huang.png","selectedIndex":0,"labels":","},"compId":67},{"type":"Sprite","props":{"y":547,"x":80,"texture":"renwu/quanbuzi.png","mouseEnabled":false},"compId":68},{"type":"Sprite","props":{"y":549,"x":193,"texture":"renwu/yiwancheng.png","mouseEnabled":false},"compId":69},{"type":"Image","props":{"y":588,"x":46,"width":589,"skin":"sence/paihangbanBG.png","sizeGrid":"20,27,23,24","height":447},"compId":70},{"type":"Image","props":{"y":149,"x":45,"width":589,"skin":"sence/paihangbanBG.png","sizeGrid":"20,27,23,24","height":289},"compId":71},{"type":"List","props":{"y":597,"x":60,"width":560,"var":"list2","spaceY":5,"height":435},"compId":73,"child":[{"type":"TaskCell","props":{"y":0,"x":0,"renderType":"render","runtime":"ui.scene.TaskCellUI"},"compId":74}]},{"type":"List","props":{"y":158,"x":61,"width":560,"var":"list1","spaceY":5,"height":273},"compId":75,"child":[{"type":"TaskCell","props":{"y":0,"x":0,"renderType":"render","runtime":"ui.scene.TaskCellUI"},"compId":76}]},{"type":"Sprite","props":{"y":445,"x":142,"texture":"sence/biaotifu.png"},"compId":77,"child":[{"type":"Sprite","props":{"y":11.75,"x":156.25,"texture":"renwu/chengjiu.png"},"compId":78}]},{"type":"Sprite","props":{"y":61,"x":142,"texture":"sence/biaotifu.png"},"compId":79,"child":[{"type":"Sprite","props":{"y":9,"x":129.5,"texture":"renwu/renwuzi.png"},"compId":80}]}]}],"loadList":["sence/kuangBG.png","sence/chuangkoubai.png","sence/paihangbangdi.png","renwu/biaoti_renwu.png","sence/btn_guanbi.png","sence/tab_huang.png","renwu/quanbuzi.png","renwu/yiwancheng.png","sence/paihangbanBG.png","scene/TaskCell.scene","sence/biaotifu.png","renwu/chengjiu.png","renwu/renwuzi.png"],"loadList3D":[]}