{"type":"Dialog","props":{"width":677,"isModal":true,"height":1200},"compId":2,"child":[{"type":"Box","props":{"y":0,"x":52,"var":"box","scaleY":0.85,"scaleX":0.85},"compId":108,"child":[{"type":"Image","props":{"y":0,"x":0,"width":677,"skin":"sence/kuangBG.png","sizeGrid":"81,70,76,69","height":1185},"compId":7},{"type":"Image","props":{"y":122,"x":18,"width":643,"skin":"sence/chuangkoubai.png","sizeGrid":"20,23,19,22","height":965},"compId":113},{"type":"Button","props":{"y":1092,"x":40,"width":80,"stateNum":1,"skin":"sence/btn_guanbi.png","name":"close","height":80},"compId":114},{"type":"Sprite","props":{"y":4,"x":149,"texture":"sence/biaotifu.png"},"compId":115,"child":[{"type":"Sprite","props":{"y":11,"x":159,"texture":"tianfu/biaoti_tianfu.png"},"compId":130}]},{"type":"Sprite","props":{"y":270,"x":18,"texture":"tianfu/bgg.jpg"},"compId":116},{"type":"Button","props":{"y":955,"x":199,"width":300,"var":"btn","stateNum":1,"skin":"sence/btn_lv.png","sizeGrid":"0,20,0,18","height":80},"compId":117,"child":[{"type":"Sprite","props":{"y":22,"x":193,"texture":"sence/jinbi.png","scaleY":0.6,"scaleX":0.6},"compId":131},{"type":"FontClip","props":{"y":22.5,"x":39,"width":111,"var":"fc","value":"12000","spaceX":-3,"skin":"sence/clip_shuzi.png","sheet":"01234 56789","scaleY":1.3,"scaleX":1.3,"height":30,"align":"right"},"compId":132}]},{"type":"Text","props":{"y":126,"x":101,"width":470,"valign":"middle","text":"天赋可以永久提升角色战斗力!","height":46,"fontSize":26,"color":"#482910","bold":true,"align":"center","runtime":"laya.display.Text"},"compId":127},{"type":"Text","props":{"y":882,"x":114,"width":470,"var":"lv","valign":"middle","text":"已升级12次","height":46,"fontSize":26,"color":"#482910","bold":true,"align":"center","runtime":"laya.display.Text"},"compId":128},{"type":"List","props":{"y":187,"x":56.5,"width":568,"var":"list","spaceY":20,"spaceX":20,"selectEnable":true,"repeatY":3,"repeatX":3,"height":691},"compId":129,"child":[{"type":"TianFuCell","props":{"y":0,"x":0,"renderType":"render","runtime":"ui.scene.TianFuCellUI"},"compId":178}]},{"type":"Box","props":{"y":432.5,"x":766,"var":"tipBox"},"compId":191,"child":[{"type":"Image","props":{"y":53,"x":0,"width":447,"skin":"tianfu/qipao.png","sizeGrid":"104,37,22,51","height":163},"compId":192},{"type":"Sprite","props":{"y":0,"x":173,"texture":"tianfu/qipaojian.png"},"compId":193},{"type":"Text","props":{"y":59,"x":14,"width":419,"var":"txt5","valign":"middle","text":"增加攻击力","height":153,"fontSize":36,"align":"center","runtime":"laya.display.Text"},"compId":194}]}]}],"loadList":["sence/kuangBG.png","sence/chuangkoubai.png","sence/btn_guanbi.png","sence/biaotifu.png","tianfu/biaoti_tianfu.png","tianfu/bgg.jpg","sence/btn_lv.png","sence/jinbi.png","sence/clip_shuzi.png","tianfu/qipao.png","tianfu/qipaojian.png"],"loadList3D":[]}