{"type":"View","props":{"width":119,"height":161},"compId":2,"child":[{"type":"Button","props":{"y":0,"x":0,"width":119,"var":"goldBtn","stateNum":1,"skin":"sence/guanjikuang.png","sizeGrid":"24,20,27,22","height":161},"compId":3,"child":[{"type":"FontClip","props":{"y":127,"x":5,"width":113,"var":"goldFc","value":"10000","spaceX":-4,"skin":"sence/clip_shuzi.png","sheet":"01234 56789","height":28,"align":"center"},"compId":6},{"type":"FontClip","props":{"y":13,"x":3,"width":113,"var":"timeFc","value":"11 10","spaceX":-4,"skin":"sence/clip_shuzi.png","sheet":"01234 56789","height":28,"align":"center"},"compId":7},{"type":"Sprite","props":{"y":18,"x":56,"texture":"sence/maohao.png"},"compId":8},{"type":"Box","props":{"width":119,"var":"shanbox","top":0,"right":0,"left":0,"height":161,"bottom":0,"anchorY":0.5,"anchorX":0.5},"compId":12},{"type":"Image","props":{"y":53,"skin":"sence/heiBG.png","centerX":0},"compId":15},{"type":"Image","props":{"y":54.5,"skin":"sence/jinbi.png","centerX":0},"compId":5}]}],"loadList":["sence/guanjikuang.png","sence/clip_shuzi.png","sence/maohao.png","sence/heiBG.png","sence/jinbi.png"],"loadList3D":[]}