{"type":"Dialog","props":{"width":750,"isModal":true,"height":1200},"compId":2,"child":[{"type":"Box","props":{"y":-196,"x":-249,"scaleY":0.85,"scaleX":0.85},"compId":24,"child":[{"type":"LightView","props":{"y":742,"x":742,"var":"light","scaleY":2,"scaleX":2,"anchorY":0.5,"anchorX":0.5,"runtime":"ui.scene.LightViewUI"},"compId":23},{"type":"Image","props":{"y":359,"x":394,"width":682,"skin":"sence/kuangBG.png","sizeGrid":"81,70,76,69","height":931},"compId":3},{"type":"Image","props":{"y":433,"x":414.5,"width":643,"skin":"sence/chuangkoubai.png","sizeGrid":"20,23,19,22","height":747},"compId":5},{"type":"Image","props":{"y":568,"x":552,"skin":"sence/jinbidai.png"},"compId":7},{"type":"Image","props":{"y":774,"x":414,"width":642,"skin":"sence/baoxiangBG.png","sizeGrid":"28,18,26,20","height":406,"alpha":0.3},"compId":9},{"type":"FontClip","props":{"y":622,"x":723,"var":"goldFc","value":"99999","spaceX":-4,"skin":"sence/clip_shuzi.png","sheet":"01234 56789","scaleY":2.3,"scaleX":2.3},"compId":10},{"type":"Button","props":{"y":908,"x":737,"width":434,"var":"LingBtn","stateNum":1,"skin":"sence/btn_huang.png","sizeGrid":"18,19,20,18","height":94,"anchorY":0.5,"anchorX":0.5},"compId":11,"child":[{"type":"Sprite","props":{"y":-21.5,"x":35,"texture":"sence/shenglilingqu.png"},"compId":13},{"type":"FontClip","props":{"y":20,"x":127,"width":103,"var":"btn1Fc","value":"99999","spaceX":-4,"skin":"sence/clip_shuzi.png","sheet":"01234 56789","scaleY":2.3,"scaleX":2.3,"height":24,"align":"center"},"compId":14}]},{"type":"Button","props":{"y":1057,"x":739,"width":439,"var":"AdLingBtn","stateNum":1,"skin":"sence/btn_zi.png","sizeGrid":"18,19,20,18","height":94,"anchorY":0.5,"anchorX":0.5},"compId":15,"child":[{"type":"FontClip","props":{"y":20,"x":125,"width":104,"var":"btn2Fc","value":"99999","spaceX":-4,"skin":"sence/clip_shuzi.png","sheet":"01234 56789","scaleY":2.3,"scaleX":2.3,"height":39,"align":"center"},"compId":17},{"type":"Sprite","props":{"y":14,"x":54,"texture":"sence/action.png"},"compId":18}]},{"type":"chengsan","props":{"y":942,"x":855,"var":"effectView","runtime":"ui.scene.chengsanUI"},"compId":19},{"type":"Button","props":{"y":1191,"x":437,"width":80,"stateNum":1,"skin":"sence/btn_guanbi.png","name":"close","height":80},"compId":21},{"type":"Text","props":{"y":501,"x":659,"text":"您赚取了","fontSize":36,"color":"#48280f","bold":true,"runtime":"laya.display.Text"},"compId":22},{"type":"Image","props":{"y":329,"width":761,"skin":"sence/paihangbangdi.png","sizeGrid":"0,169,0,178","height":117,"centerX":-378},"compId":28,"child":[{"type":"Image","props":{"y":11.5,"x":250.5,"skin":"sence/biaoti_jinbi.png"},"compId":29}]}]}],"loadList":["scene/LightView.scene","sence/kuangBG.png","sence/chuangkoubai.png","sence/jinbidai.png","sence/baoxiangBG.png","sence/clip_shuzi.png","sence/btn_huang.png","sence/shenglilingqu.png","sence/btn_zi.png","sence/action.png","scene/chengsan.scene","sence/btn_guanbi.png","sence/paihangbangdi.png","sence/biaoti_jinbi.png"],"loadList3D":[]}