{"type":"Dialog","props":{"width":675,"isModal":true,"height":1200},"compId":2,"child":[{"type":"Box","props":{"y":51,"x":51,"scaleY":0.85,"scaleX":0.85},"compId":57,"child":[{"type":"Image","props":{"y":0,"x":0,"width":675,"skin":"sence/kuangBG.png","sizeGrid":"81,70,76,69","height":1044},"compId":6,"child":[{"type":"Image","props":{"y":93,"x":14.5,"width":646,"skin":"sence/chuangkoubai.png","sizeGrid":"20,23,19,22","height":849},"compId":9,"child":[{"type":"Image","props":{"y":11,"x":13,"width":620,"skin":"sence/paihangbanBG.png","sizeGrid":"17,28,18,25","height":824},"compId":11}]}]},{"type":"Image","props":{"y":0,"x":-34,"width":742,"skin":"sence/paihangbangdi.png","sizeGrid":"0,169,0,178","height":117},"compId":3,"child":[{"type":"Image","props":{"y":2,"skin":"dabaoxiang/dabaoxiang.png","centerX":0},"compId":5}]},{"type":"Image","props":{"y":117,"x":62.5,"skin":"dabaoxiang/xiaobao.png"},"compId":15},{"type":"Image","props":{"y":374,"x":62.5,"skin":"dabaoxiang/zhongbao.png"},"compId":16},{"type":"Box","props":{"y":111,"x":400.5,"width":245,"height":268},"compId":36,"child":[{"type":"Sprite","props":{"y":43,"x":13.5,"texture":"sence/baoxiangBG.png"},"compId":18},{"type":"Sprite","props":{"x":37.5,"texture":"dabaoxiang/xiaobaobiao.png"},"compId":17},{"type":"Button","props":{"y":207,"x":119.5,"width":239,"var":"btn1","stateNum":1,"skin":"sence/btn_lv.png","sizeGrid":"0,20,0,18","height":61,"anchorY":0.5,"anchorX":0.5},"compId":20,"child":[{"type":"Sprite","props":{"y":0,"x":40,"texture":"sence/jinbi.png"},"compId":23},{"type":"FontClip","props":{"y":15.5,"x":119.5,"var":"priceFc","value":"99998","spaceX":-5,"skin":"sence/clip_shuzi.png","sheet":"01234 56789","align":"left"},"compId":24}]},{"type":"Text","props":{"y":59,"x":32.5,"wordWrap":true,"width":174,"var":"t1","valign":"middle","text":"随机掉落普通装备","strokeColor":"#000000","stroke":2,"height":100,"fontSize":30,"color":"#ffffff","align":"center","runtime":"laya.display.Text"},"compId":48}]},{"type":"Box","props":{"y":357,"x":396.5,"width":253,"height":259},"compId":37,"child":[{"type":"Sprite","props":{"y":43,"x":12.5,"texture":"sence/baoxiangBG.png"},"compId":25},{"type":"Sprite","props":{"x":37.5,"texture":"dabaoxiang/zhongbaobiao.png"},"compId":26},{"type":"Button","props":{"y":207,"x":119.5,"width":239,"var":"btn2","stateNum":1,"skin":"sence/btn_lv.png","sizeGrid":"0,20,0,18","height":61,"anchorY":0.5,"anchorX":0.5},"compId":27,"child":[{"type":"Sprite","props":{"y":0,"x":40,"texture":"sence/jinbi.png"},"compId":28},{"type":"FontClip","props":{"y":15.5,"x":119.5,"var":"gold2","value":"99998","spaceX":-5,"skin":"sence/clip_shuzi.png","sheet":"01234 56789","align":"left"},"compId":29}]},{"type":"Text","props":{"y":61,"x":30,"wordWrap":true,"width":174,"var":"t2","valign":"middle","text":"随机掉落普通装备","strokeColor":"#000000","stroke":2,"height":100,"fontSize":30,"color":"#ffffff","align":"center","runtime":"laya.display.Text"},"compId":47}]},{"type":"Box","props":{"y":642,"x":394.5,"width":257,"height":277},"compId":38,"child":[{"type":"Sprite","props":{"y":41,"x":12.5,"texture":"sence/baoxiangBG.png"},"compId":30},{"type":"Sprite","props":{"x":37.5,"texture":"dabaoxiang/dabaobiao.png"},"compId":31},{"type":"Button","props":{"y":207,"x":119.5,"width":239,"var":"adBtn","stateNum":1,"skin":"sence/btn_zi.png","sizeGrid":"20,20,21,18","height":78,"anchorY":0.5,"anchorX":0.5},"compId":32,"child":[{"type":"Sprite","props":{"y":2,"x":36,"texture":"sence/action.png"},"compId":33},{"type":"Sprite","props":{"y":20.5,"x":109,"texture":"sence/mianfeilingqu.png"},"compId":35}]},{"type":"Text","props":{"y":60,"x":32.5,"wordWrap":true,"width":174,"var":"t3","valign":"middle","text":"随机掉落普通装备","strokeColor":"#000000","stroke":2,"height":100,"fontSize":30,"color":"#ffffff","align":"center","runtime":"laya.display.Text"},"compId":46}]},{"type":"Sprite","props":{"y":599,"x":26,"texture":"dabaoxiang/xuxian.png"},"compId":39},{"type":"Sprite","props":{"y":351,"x":31.5,"texture":"dabaoxiang/xuxian.png"},"compId":40},{"type":"dabaoxiang","props":{"y":579,"x":0,"var":"adview","runtime":"ui.scene.dabaoxiangUI"},"compId":41},{"type":"Button","props":{"y":946.5,"x":47,"width":80,"var":"closeBtn","stateNum":1,"skin":"sence/btn_guanbi.png","name":"close","height":80},"compId":50},{"type":"Box","props":{"y":873,"x":87,"var":"timeBox"},"compId":54,"child":[{"type":"Sprite","props":{"y":0,"x":0,"width":184,"texture":"sence/baoxiangBG.png","height":46},"compId":53},{"type":"Sprite","props":{"y":16,"x":57,"texture":"sence/maohao.png"},"compId":51},{"type":"FontClip","props":{"y":13,"x":11,"var":"timeFc","value":"11 11 11","skin":"sence/clip_shuzi.png","sheet":"01234 56789"},"compId":52},{"type":"Sprite","props":{"y":16,"x":114,"texture":"sence/maohao.png"},"compId":55}]},{"type":"cheng6","props":{"y":619,"x":146.5,"var":"cheng6","scaleY":1.3,"scaleX":1.3,"runtime":"ui.scene.cheng6UI"},"compId":56}]}],"loadList":["sence/kuangBG.png","sence/chuangkoubai.png","sence/paihangbanBG.png","sence/paihangbangdi.png","dabaoxiang/dabaoxiang.png","dabaoxiang/xiaobao.png","dabaoxiang/zhongbao.png","sence/baoxiangBG.png","dabaoxiang/xiaobaobiao.png","sence/btn_lv.png","sence/jinbi.png","sence/clip_shuzi.png","dabaoxiang/zhongbaobiao.png","dabaoxiang/dabaobiao.png","sence/btn_zi.png","sence/action.png","sence/mianfeilingqu.png","dabaoxiang/xuxian.png","scene/dabaoxiang.scene","sence/btn_guanbi.png","sence/maohao.png","scene/cheng6.scene"],"loadList3D":[]}