{"type":"View","props":{"width":150,"height":150},"compId":2,"child":[{"type":"Image","props":{"y":150,"x":74,"skin":"player/all/yinying.png","scaleY":0.5,"scaleX":0.5,"anchorY":0.5,"anchorX":0.5},"compId":4},{"type":"Image","props":{"y":76,"x":35.5,"width":87,"var":"img1","skin":"player/all/600001.png","height":77},"compId":3}],"animations":[{"nodes":[],"name":"wait","id":1,"frameRate":60,"action":0},{"nodes":[{"target":3,"keyframes":{"y":[{"value":76,"tweenMethod":"linearNone","tween":true,"target":3,"key":"y","index":0},{"value":65,"tweenMethod":"linearNone","tween":true,"target":3,"key":"y","index":3},{"value":76,"tweenMethod":"linearNone","tween":true,"target":3,"label":null,"key":"y","index":6}]}},{"target":4,"keyframes":{"scaleY":[{"value":0.5,"tweenMethod":"linearNone","tween":true,"target":4,"key":"scaleY","index":0},{"value":0.3,"tweenMethod":"linearNone","tween":true,"target":4,"key":"scaleY","index":3},{"value":0.5,"tweenMethod":"linearNone","tween":true,"target":4,"key":"scaleY","index":6}],"scaleX":[{"value":0.5,"tweenMethod":"linearNone","tween":true,"target":4,"key":"scaleX","index":0},{"value":0.3,"tweenMethod":"linearNone","tween":true,"target":4,"key":"scaleX","index":3},{"value":0.5,"tweenMethod":"linearNone","tween":true,"target":4,"key":"scaleX","index":6}]}}],"name":"walk","id":2,"frameRate":60,"action":0}],"loadList":["player/all/yinying.png","player/all/600001.png"],"loadList3D":[]}