{"type":"View","props":{"width":130,"height":130},"compId":2,"child":[{"type":"Image","props":{"y":3,"x":4,"width":123,"var":"s0","skin":"sence/kuang1.png","height":123},"compId":3},{"type":"Image","props":{"y":3,"x":4,"var":"logo","skin":"icons/200001.png"},"compId":4},{"type":"Image","props":{"y":84,"x":89,"var":"bg2Img","skin":"sence/dengji.png"},"compId":5,"child":[{"type":"FontClip","props":{"y":13.5,"x":-17,"width":90,"var":"fc","value":"99","spaceX":-3,"skin":"sence/clip_shuzi.png","sheet":"01234 56789","scaleY":0.8,"scaleX":0.8,"height":27,"align":"center"},"compId":6}]}],"loadList":["sence/kuang1.png","icons/200001.png","sence/dengji.png","sence/clip_shuzi.png"],"loadList3D":[]}