{"type":"Dialog","props":{"width":750,"isModal":true,"height":1200},"compId":2,"child":[{"type":"Box","props":{"y":14,"x":108,"width":627,"scaleY":0.85,"scaleX":0.85,"height":1106},"compId":28,"child":[{"type":"Image","props":{"y":479,"x":311,"width":622,"var":"img","skin":"baoxiang/dazhuanpan.png","height":627,"anchorY":0.5,"anchorX":0.5},"compId":3,"child":[{"type":"ZhuanCell","props":{"y":65,"x":386,"width":130,"var":"s0","rotation":30,"height":130,"runtime":"ui.scene.ZhuanCellUI"},"compId":22},{"type":"ZhuanCell","props":{"y":243,"x":557,"width":130,"var":"s1","rotation":90,"height":130,"runtime":"ui.scene.ZhuanCellUI"},"compId":23},{"type":"ZhuanCell","props":{"y":483,"x":492,"width":130,"var":"s2","rotation":150,"height":130,"runtime":"ui.scene.ZhuanCellUI"},"compId":24},{"type":"ZhuanCell","props":{"y":548,"x":246,"width":130,"var":"s3","rotation":-148,"height":130,"runtime":"ui.scene.ZhuanCellUI"},"compId":25},{"type":"ZhuanCell","props":{"y":373,"x":69.5,"width":130,"var":"s4","rotation":-91,"height":130,"runtime":"ui.scene.ZhuanCellUI"},"compId":26},{"type":"ZhuanCell","props":{"y":128,"x":141,"width":130,"var":"s5","rotation":-27,"height":130,"runtime":"ui.scene.ZhuanCellUI"},"compId":27}]},{"type":"Button","props":{"y":953,"x":312,"width":361,"var":"adBtn","stateNum":1,"skin":"sence/btn_zi.png","sizeGrid":"20,20,21,18","height":106,"anchorY":0.5,"anchorX":0.5},"compId":5,"child":[{"type":"Sprite","props":{"y":16,"x":53,"texture":"sence/action.png"},"compId":6},{"type":"Sprite","props":{"y":16.5,"x":133,"texture":"baoxiang/mianfeichouqu.png"},"compId":7}]},{"type":"Sprite","props":{"y":138,"x":282,"texture":"baoxiang/zhen.png"},"compId":11},{"type":"Image","props":{"x":4,"width":596,"skin":"sence/paihangbangdi.png","sizeGrid":"0,164,0,186","height":117},"compId":13,"child":[{"type":"Sprite","props":{"y":3,"x":187,"texture":"baoxiang/zhuanpan.png"},"compId":15}]},{"type":"Button","props":{"y":26,"x":509,"var":"closeBtn","stateNum":1,"skin":"sence/btn_guanbi.png","name":"close"},"compId":14}]}],"loadList":["baoxiang/dazhuanpan.png","scene/ZhuanCell.scene","sence/btn_zi.png","sence/action.png","baoxiang/mianfeichouqu.png","baoxiang/zhen.png","sence/paihangbangdi.png","baoxiang/zhuanpan.png","sence/btn_guanbi.png"],"loadList3D":[]}