{"type":"View","props":{"width":720,"name":"YouziOffLineView","height":1280},"compId":2,"child":[{"type":"Button","props":{"y":-60,"x":0,"width":720,"stateNum":1,"skin":"comp/blank.png","name":"OffLineMask","mouseEnabled":true,"height":1400,"cacheAs":"normal"},"compId":4},{"type":"Sprite","props":{"y":506,"x":40,"width":640,"visible":false,"var":"OffLineUI","mouseEnabled":true,"height":268},"compId":3,"child":[{"type":"Image","props":{"y":0,"x":56,"width":528,"skin":"comp/full_round_corner.png","sizeGrid":"9,9,9,9","name":"OffLineBg","height":268,"cacheAs":"bitmap"},"compId":5,"child":[{"type":"List","props":{"y":71,"x":29,"width":470,"var":"OffLineList","spaceX":25,"repeatY":1,"height":180},"compId":6,"child":[{"type":"Box","props":{"y":0,"x":0,"width":140,"name":"render","height":180},"compId":7,"child":[{"type":"Image","props":{"x":0,"width":140,"name":"icon","height":140},"compId":8,"child":[{"type":"Image","props":{"y":-14,"x":126,"visible":false,"skin":"comp/redhit.png","name":"redhit","cacheAs":"bitmap"},"compId":9}]},{"type":"Label","props":{"y":150,"width":140,"valign":"middle","text":"弹弹欢乐球","overflow":"hidden","name":"namelab","height":30,"fontSize":24,"color":"#ffffff","align":"center"},"compId":10}]}]}]},{"type":"Button","props":{"y":-21.5,"x":552,"width":42,"var":"OffLineCloseButton","stateNum":1,"skin":"comp/close_button.png","height":46,"cacheAs":"bitmap"},"compId":11},{"type":"Image","props":{"y":24.5,"x":265,"width":110,"skin":"comp/txt_guesslike_h.png","name":"offlineTitle","height":30,"cacheAs":"bitmap"},"compId":12}]}],"loadList":["comp/blank.png","comp/full_round_corner.png","comp/redhit.png","comp/close_button.png","comp/txt_guesslike_h.png"],"loadList3D":[]}