{"type":"View","props":{"width":1280,"visible":false,"name":"YouziMoreGameH","height":720},"compId":2,"child":[{"type":"Button","props":{"y":0,"x":-60,"width":1400,"stateNum":1,"skin":"comp/blank.png","pivotX":0,"name":"moreGameMaskBtn","mouseEnabled":true,"height":720,"cacheAs":"bitmap"},"compId":4},{"type":"Sprite","props":{"y":60,"x":376,"width":528,"visible":false,"var":"MoreGameUI","pivotY":0,"pivotX":0,"mouseThrough":false,"mouseEnabled":true,"height":600,"drawCallOptimize":true},"compId":3,"child":[{"type":"Image","props":{"y":0,"x":0,"width":528,"skin":"comp/full_round_corner.png","sizeGrid":"8,8,8,8","pivotX":0,"name":"panel","height":600,"cacheAs":"bitmap"},"compId":5},{"type":"Image","props":{"y":0,"x":113,"skin":"comp/main_title.png","name":"title"},"compId":6},{"type":"Button","props":{"y":-8,"x":497,"var":"moreGameCloseBtn","stateNum":1,"skin":"comp/close_button.png","labelSize":26,"labelPadding":"-50","cacheAs":"bitmap"},"compId":7},{"type":"List","props":{"y":70,"x":31,"width":466,"var":"moreGameList","vScrollBarSkin":"comp/vslider.png","spaceY":10,"spaceX":45,"repeatX":3,"height":530},"compId":8,"child":[{"type":"Box","props":{"y":0,"x":0,"width":120,"name":"render","height":153},"compId":9,"child":[{"type":"Image","props":{"y":0,"x":0,"width":120,"name":"icon","height":120},"compId":10},{"type":"Label","props":{"y":142,"x":60,"width":120,"valign":"middle","text":"弹弹欢乐球","overflow":"hidden","name":"namelab","height":22,"fontSize":22,"color":"#ffffff","anchorY":0.5,"anchorX":0.5,"align":"center"},"compId":11}]}]}]}],"loadList":["comp/blank.png","comp/full_round_corner.png","comp/main_title.png","comp/close_button.png","comp/vslider.png"],"loadList3D":[]}