{"type":"View","props":{"width":600,"visible":false,"name":"YouziSlideWindowViewH","height":614},"compId":2,"child":[{"type":"Sprite","props":{"y":0,"x":0,"width":600,"visible":false,"var":"SlideWindowUI","height":614,"drawCallOptimize":true},"compId":3,"child":[{"type":"Image","props":{"y":0,"x":0,"width":600,"var":"slideBg","sizeGrid":"9,7,11,10","scaleX":1,"rotation":0,"height":614},"compId":4,"child":[{"type":"Image","props":{"y":225,"x":566,"width":33,"skin":"comp/slide_bg_mid.png","sizeGrid":"0,40,0,4","name":"slideBgMiddle","height":164},"compId":5},{"type":"Image","props":{"y":0,"x":-71,"width":640,"skin":"comp/full_round_corner.png","sizeGrid":"10,10,10,10","name":"zhezhao","height":614,"cacheAs":"bitmap"},"compId":6},{"type":"Button","props":{"y":288,"x":577,"width":23,"var":"btnSLideClose","stateNum":1,"height":38},"compId":12}]},{"type":"List","props":{"y":0,"x":67,"width":485,"var":"slideList","vScrollBarSkin":"comp/vscroll.png","spaceX":40,"repeatX":3,"height":614},"compId":7,"child":[{"type":"Box","props":{"y":0,"x":0,"width":130,"name":"render","height":190},"compId":8,"child":[{"type":"Image","props":{"y":20,"x":0,"width":130,"name":"icon","height":130},"compId":9,"child":[{"type":"Image","props":{"y":-14,"x":116,"skin":"comp/redhit.png","name":"markImg","cacheAs":"bitmap"},"compId":10}]},{"type":"Label","props":{"y":177,"x":65,"width":130,"valign":"bottom","text":"弹弹欢乐球","overflow":"hidden","name":"namelab","height":24,"fontSize":22,"color":"#ffffff","anchorY":0.5,"anchorX":0.5,"align":"center"},"compId":11}]}]}]}],"loadList":["comp/slide_bg_mid.png","comp/full_round_corner.png","comp/vscroll.png","comp/redhit.png"],"loadList3D":[]}