{"type":"View","props":{"width":464,"name":"YouziGuessLikeView","height":124},"compId":2,"child":[{"type":"Sprite","props":{"y":0,"x":0,"width":464,"visible":false,"var":"guessUI","height":124},"compId":3,"child":[{"type":"Image","props":{"y":0,"x":0,"width":464,"skin":"comp/full_round_corner.png","sizeGrid":"10,10,10,10","name":"guessLikeBg","height":124,"cacheAs":"bitmap"},"compId":4,"child":[{"type":"Image","props":{"y":15.5,"x":28,"skin":"comp/txt_guesslike_v.png","name":"guessTitle","cacheAs":"bitmap"},"compId":5},{"type":"List","props":{"y":18.5,"x":87,"width":369,"var":"guesslist","spaceX":18,"repeatX":8,"height":90,"hScrollBarSkin":"comp/vscroll.png"},"compId":6,"child":[{"type":"Box","props":{"y":0,"x":0,"width":90,"name":"render","height":90},"compId":7,"child":[{"type":"Image","props":{"y":0,"x":0,"width":90,"name":"icon","height":90},"compId":8}]}]}]}]}],"loadList":["comp/full_round_corner.png","comp/txt_guesslike_v.png","comp/vscroll.png"],"loadList3D":[]}