{"type":"View","props":{"y":0,"x":0,"width":720,"visible":false,"name":"YouziMoreGameView","height":1280},"compId":2,"child":[{"type":"Button","props":{"y":-60,"x":0,"width":720,"stateNum":1,"skin":"comp/blank.png","name":"maskButton","mouseEnabled":true,"label":"label","height":1400},"compId":22},{"type":"Sprite","props":{"y":300,"x":95,"width":530,"visible":false,"var":"MoreGameUI","pivotY":0,"pivotX":0,"mouseThrough":false,"mouseEnabled":true,"height":680},"compId":12,"child":[{"type":"Image","props":{"y":0,"x":0,"width":530,"skin":"comp/full_round_corner.png","sizeGrid":"8,8,8,8","pivotX":0,"name":"panel","height":680,"cacheAs":"bitmap"},"compId":14},{"type":"Image","props":{"y":0,"x":103,"skin":"comp/main_title.png","name":"title","cacheAs":"bitmap"},"compId":15},{"type":"Button","props":{"y":-11,"x":498,"width":42,"var":"moreGameCloseBtn","stateNum":1,"skin":"comp/close_button.png","labelSize":26,"labelPadding":"-50","height":46,"cacheAs":"bitmap"},"compId":16},{"type":"List","props":{"y":59,"x":25,"width":480,"var":"moreGameList","spaceY":12,"spaceX":28,"repeatX":3,"height":620},"compId":17,"child":[{"type":"Box","props":{"y":0,"x":0,"width":140,"name":"render","height":180},"compId":18,"child":[{"type":"Image","props":{"y":0,"x":0,"width":140,"name":"icon","height":140},"compId":19},{"type":"Label","props":{"y":166,"x":70,"width":140,"valign":"middle","text":"弹弹欢乐球","overflow":"hidden","name":"namelab","height":30,"fontSize":26,"color":"#ffffff","anchorY":0.5,"anchorX":0.5,"align":"center"},"compId":20}]}]}]}],"loadList":["comp/blank.png","comp/full_round_corner.png","comp/main_title.png","comp/close_button.png"],"loadList3D":[]}