{"type":"View","props":{"width":102,"visible":false,"name":"YouziMainPushView","height":124},"compId":2,"child":[{"type":"Image","props":{"y":0,"width":102,"visible":false,"var":"btnMainRecBg","skin":"comp/icon_bg.png","sizeGrid":"5,5,5,5","pivotX":51,"height":124,"centerX":0,"cacheAs":"bitmap"},"compId":3,"child":[{"type":"Button","props":{"y":3,"x":51,"width":92,"visible":true,"var":"btnMainRec","stateNum":1,"pivotX":46,"height":90,"cacheAs":"none"},"compId":4,"child":[{"type":"Text","props":{"y":100,"x":45,"width":102,"valign":"middle","pivotY":1,"pivotX":51,"overflow":"hidden","name":"slogan","height":1,"fontSize":18,"bold":true,"align":"center","runtime":"laya.display.Text"},"compId":5}]}]}],"loadList":["comp/icon_bg.png"],"loadList3D":[]}