{"type":"View","props":{"width":124,"name":"YouziGuessLikeViewH","height":464},"compId":2,"child":[{"type":"Sprite","props":{"y":0,"x":0,"width":124,"visible":false,"var":"guessUI","height":464,"drawCallOptimize":true},"compId":3,"child":[{"type":"Image","props":{"y":0,"x":0,"width":124,"skin":"comp/full_round_corner.png","sizeGrid":"8,8,8,8","rotation":0,"name":"guessLikeBg","height":464},"compId":4},{"type":"Image","props":{"y":30,"x":12,"width":100,"skin":"comp/txt_guesslike_h.png","rotation":0,"name":"title","height":26,"cacheAs":"bitmap"},"compId":5},{"type":"List","props":{"y":289,"x":17,"width":90,"var":"guesslist","vScrollBarSkin":"comp/vslider.png","spaceY":18,"rotation":0,"repeatY":1,"pivotY":210,"height":385,"disabled":false},"compId":6,"child":[{"type":"Box","props":{"y":0,"x":0,"width":90,"name":"render","height":90},"compId":7,"child":[{"type":"Image","props":{"y":0,"x":0,"width":90,"name":"icon","height":90},"compId":8}]}]}]}],"loadList":["comp/full_round_corner.png","comp/txt_guesslike_h.png","comp/vslider.png"],"loadList3D":[]}