{"type":"View","props":{"width":1280,"name":"YouziOffLineHView","height":720},"compId":2,"child":[{"type":"Button","props":{"y":0,"x":-60,"width":1400,"stateNum":1,"skin":"comp/blank.png","name":"OffLineMask","mouseThrough":false,"height":720,"cacheAs":"bitmap"},"compId":4},{"type":"Sprite","props":{"y":180,"x":320,"width":640,"visible":false,"var":"OffLineUI","mouseThrough":true,"mouseEnabled":true,"height":360,"drawCallOptimize":true},"compId":3,"child":[{"type":"Image","props":{"y":0,"x":0,"width":640,"skin":"comp/full_round_corner.png","sizeGrid":"8,8,8,8","name":"OffLineBg","height":360},"compId":5},{"type":"Image","props":{"y":37,"x":255,"width":130,"skin":"comp/txt_guesslike_h.png","name":"title","height":32,"cacheAs":"bitmap"},"compId":6},{"type":"Button","props":{"y":-9,"x":609,"var":"OffLineCloseButton","stateNum":1,"skin":"comp/close_button.png","cacheAs":"bitmap"},"compId":7},{"type":"List","props":{"y":101,"x":0,"width":640,"var":"OffLineList","repeatY":1,"height":210},"compId":8,"child":[{"type":"Box","props":{"y":15,"x":25,"width":180,"name":"render","height":180},"compId":9,"child":[{"type":"Image","props":{"y":0,"x":15,"width":150,"name":"icon","height":150},"compId":10,"child":[{"type":"Image","props":{"y":-14,"x":136,"visible":false,"skin":"comp/redhit.png","name":"redhit","cacheAs":"bitmap"},"compId":11}]},{"type":"Label","props":{"y":160,"width":180,"text":"弹弹欢乐球","name":"namelab","height":30,"fontSize":30,"color":"#ffffff","align":"center"},"compId":12}]}]}]}],"loadList":["comp/blank.png","comp/full_round_corner.png","comp/txt_guesslike_h.png","comp/close_button.png","comp/redhit.png"],"loadList3D":[]}