{"type":"View","props":{"width":640,"visible":false,"name":"YouziBottomView","height":170},"compId":2,"child":[{"type":"Sprite","props":{"y":0,"x":0,"width":640,"visible":false,"var":"BannerBottomUI","sizeGrid":"12,10,0,10","height":170},"compId":3,"child":[{"type":"Image","props":{"y":0,"x":0,"width":640,"var":"bannerBottomBg","skin":"comp/two_round_corner.png","sizeGrid":"10,12,5,12","height":170,"cacheAs":"bitmap"},"compId":4},{"type":"Image","props":{"y":37.5,"x":14,"skin":"comp/txt_hotgame_v.png","name":"bannerTitle"},"compId":5},{"type":"List","props":{"y":20,"x":47,"width":584,"var":"bottomList","spaceY":5,"spaceX":24,"repeatX":10,"height":150,"hScrollBarSkin":"comp/vscroll.png"},"compId":6,"child":[{"type":"Box","props":{"y":0,"x":0,"width":110,"name":"render","height":150},"compId":7,"child":[{"type":"Image","props":{"y":0,"x":0,"width":110,"name":"icon","height":110},"compId":8},{"type":"Label","props":{"y":130,"x":55,"text":"弹弹欢乐球","name":"namelab","fontSize":20,"color":"#ffffff","anchorY":0.5,"anchorX":0.5,"align":"center"},"compId":9}]}]},{"type":"List","props":{"y":0,"x":0,"width":640,"var":"gameBannerList","spaceY":5,"spaceX":5,"repeatY":1,"repeatX":6,"height":170,"hScrollBarSkin":"comp/vscroll.png"},"compId":10,"child":[{"type":"Box","props":{"y":1,"x":0,"width":640,"name":"render","height":170},"compId":11,"child":[{"type":"Image","props":{"y":0,"x":0,"width":640,"name":"icon","height":170},"compId":12}]}]}]}],"loadList":["comp/two_round_corner.png","comp/txt_hotgame_v.png","comp/vscroll.png"],"loadList3D":[]}