{"type":"View","props":{"width":536,"visible":false,"name":"YouziSlideView","height":604},"compId":2,"child":[{"type":"Sprite","props":{"y":0,"x":0,"width":536,"visible":false,"var":"SlideWindowUI","height":604},"compId":14,"child":[{"type":"Image","props":{"y":0,"x":0,"width":536,"var":"slideBg","scaleX":1,"height":604},"compId":15,"child":[{"type":"Image","props":{"y":0,"x":0,"width":497,"skin":"comp/full_round_corner.png","sizeGrid":"9,9,9,9","name":"slideBgLeft","height":604,"cacheAs":"bitmap"},"compId":16},{"type":"Image","props":{"y":220,"x":495,"width":42,"skin":"comp/slide_bg_mid.png","sizeGrid":"0,40,0,4","name":"slideBtn","mouseEnabled":false,"height":164},"compId":18},{"type":"Button","props":{"y":281,"x":504,"width":26,"var":"btnSLideClose","stateNum":1,"height":38},"compId":24}]},{"type":"List","props":{"y":11,"x":34,"width":463,"var":"slideList","vScrollBarSkin":"comp/vscroll.png","spaceX":26,"repeatX":3,"height":593},"compId":19,"child":[{"type":"Box","props":{"y":0,"x":0,"width":130,"name":"render","height":180},"compId":20,"child":[{"type":"Image","props":{"y":12,"x":0,"width":130,"name":"icon","height":130},"compId":21,"child":[{"type":"Image","props":{"y":-14,"x":116,"visible":false,"skin":"comp/redhit.png","name":"markImg","cacheAs":"bitmap"},"compId":22}]},{"type":"Label","props":{"y":164,"x":65,"width":130,"valign":"middle","text":"弹弹欢乐球","overflow":"hidden","name":"namelab","height":26,"fontSize":26,"color":"#ffffff","anchorY":0.5,"anchorX":0.5,"align":"center"},"compId":23}]}]}]}],"loadList":["comp/full_round_corner.png","comp/slide_bg_mid.png","comp/vscroll.png","comp/redhit.png"],"loadList3D":[]}